key,field,value,evidence_type,evidence,pdf_file,page,section,note
donti2017task,metric_name,task loss (cost),quote,"Explicitly, we wish to choose θ to minimize the task loss L(θ) in the context of x, y ∼ D, i.e.",Donti2017_TaskBasedE2E.pdf,3,3 End-to-end model learning in stochastic programming,"Followed by Eq. (1): minimize L(θ) = E_{x,y~D}[f(x, y, z*(x; θ))]. What is reported experimentally is this cost/task loss, not a regret."
donti2017task,metric_name,task loss (cost),quote,"Table 1: Task loss results for 10 runs each of the battery storage problem, given a lithium-ion battery",Donti2017_TaskBasedE2E.pdf,9,4.3 Price forecasting and battery storage,"Battery: raw task-loss values plus '% Improvement' over the RMSE net. Inventory: 'Cost is evaluated over 1000 testing samples (lower is better)' (Fig. 2 caption, p. 7). Grid: 'the task net improves upon this method by 8.6%' (p. 8)."
donti2017task,oracle,none,quote,Cost is evaluated over 1000 testing samples,Donti2017_TaskBasedE2E.pdf,7,4.1 Inventory stock problem -- Figure 2 caption,"No regret is reported; achieved cost / task loss only. The inventory experiment plots 'the QP allocation based upon the true model (which performs optimally)' (p. 6) as a baseline curve -- a true-model (TM) oracle shown as a comparator, but the reported metric remains the raw cost, and no difference-from-oracle is computed."
donti2017task,setting,nonlinear stochastic programs (exclusion rule 1),quote,"We consider three applications of our task-based method: a synthetic inventory stock problem, a real-world energy scheduling task, and a real-world battery arbitrage task.",Donti2017_TaskBasedE2E.pdf,5,4 Experiments,"All three are stochastic programs whose objectives are quadratic in the decision, not linear in the uncertain quantity."
donti2017task,setting,nonlinear stochastic programs (exclusion rule 1),equation,"There are linear and quadratic costs on the amount of product ordered, plus different linear/quadratic costs on over-orders [z − y]+ and under-orders [y − z]+ . The objective is given by :: Eq. (8): f_stock(y,z) = c0 z + (1/2) q0 z^2 + cb [y−z]+ + (1/2) qb ([y−z]+)^2 + ch [z−y]+ + (1/2) qh ([z−y]+)^2",Donti2017_TaskBasedE2E.pdf,6,4.1 Inventory stock problem,Quadratic newsvendor-style cost; solved as a joint quadratic program (Eq. (10)) over the conditional distribution p(y|x;theta).
donti2017task,setting,nonlinear stochastic programs (exclusion rule 1),equation,"Given a particular realization y of demand, we impose penalties for both generation excess (γe ) and generation shortage (γs ), with γs  γe . We also add a quadratic regularization term, indicating a preference for generation schedules that closely match demand realizations. :: Eq. (11): min_z sum_{i=1}^{24} E_y[ γs [y_i − z_i]+ + γe [z_i − y_i]+ + (1/2)(z_i − y_i)^2 ] s.t. |z_i − z_{i−1}| ≤ c_r",Donti2017_TaskBasedE2E.pdf,7,4.2 Load forecasting and generator scheduling,Grid-scheduling objective has piecewise-linear penalties plus an explicit quadratic term in (z − y).
donti2017task,setting,nonlinear stochastic programs (exclusion rule 1),equation,This can be written as the stochastic programming problem :: Eq. (12): min E_y[ sum_i y_i (z_in − z_out)_i + λ ||z_state − B/2||^2 + ε||z_in||^2 + ε||z_out||^2 ] s.t. battery dynamics and box constraints,Donti2017_TaskBasedE2E.pdf,9,4.3 Price forecasting and battery storage,Battery arbitrage objective: linear revenue term plus quadratic penalties in the decision variables.
wilder2019melding,metric_name,solution quality (objective value under true parameters),quote,Table 1: Solution quality of each method for the full data-decisions pipeline.,Wilder2019_MeldingDataDecisions.pdf,6,Experiments (Table 1),Paper's own name for the reported quantity is 'solution quality'.
wilder2019melding,metric_name,solution quality (objective value under true parameters),quote,Solution quality: Table 1 shows the solution quality that,Wilder2019_MeldingDataDecisions.pdf,6,Experiments -- Solution quality,"Continues on the next line of the same column: 'each approaches obtains on the full pipeline; i.e., the ob- jective value of its decision evaluated using the true param- eters.' (two-column layout interleaves lines, so quoted one line at a time)."
wilder2019melding,oracle,none,quote,jective value of its decision evaluated using the true param-,Wilder2019_MeldingDataDecisions.pdf,6,Experiments -- Solution quality,"Reported quantity is the realized objective f(x(theta_hat), theta), not a regret against any oracle. No optimum-under-true-parameters row appears in Table 1 (only a 'Random' baseline)."
wilder2019melding,oracle,none,absence,grep -i over text/Wilder2019_MeldingDataDecisions.txt: 'regret' 0 hits; 'hindsight' 0; 'denominator' 0; 'percent' 0; 'relative' 1 (approximation guarantee relative to ...); 'normaliz' 1 (normalized f(empty)=0); 'ratio' 10 (all 'approximation ratio' or inside 'iterations'); 'objective value' 2; 'solution quality' 9. Read Experiments section in full (pp. 5-7) and Table 1 (p. 6): only raw objective values and a Random baseline are reported; no optimal/oracle row.,Wilder2019_MeldingDataDecisions.pdf,6,Experiments,"Absence of any regret; supports oracle=none, denominator=none/raw, formula_stated."
wilder2019melding,denominator,raw,quote,Each value is the mean (over the 30 iterations) and,Wilder2019_MeldingDataDecisions.pdf,6,Experiments -- Solution quality,"Raw objective values (e.g. 49.18 customers reached, 2.50 matches); no normalization. Next line: 'a bootstrapped 95% confidence interval.' Under the schema this could equally be coded 'none' since no regret is reported; audit.csv says raw."
wilder2019melding,aggregation,mean,quote,a bootstrapped 95% confidence interval.,Wilder2019_MeldingDataDecisions.pdf,6,Experiments -- Solution quality,Preceded by 'Each value is the mean (over the 30 iterations) and'. Means over 30 random 80/20 splits of instances; also p. 6: 'All results are averaged over 30 random splits.'
wilder2019melding,aggregation,mean,quote,20% test. All results are averaged over 30 random splits. Our,Wilder2019_MeldingDataDecisions.pdf,6,Experiments -- Algorithms and experimental setup,
wilder2019melding,noise,real,quote,Our experiments use the cora dataset (Sen et al. 2008).,Wilder2019_MeldingDataDecisions.pdf,6,Experiments -- Bipartite matching,Bipartite matching (the only LP experiment) uses real citation data; labels are real edges.
wilder2019melding,noise,real,quote,on the Movielens dataset (GroupLens 2011) in which 2113,Wilder2019_MeldingDataDecisions.pdf,6,Experiments -- Diverse recommendation,Diverse recommendation (submodular) uses real Movielens data.
wilder2019melding,noise,real,quote,"The next two domains, both based on real data, explore low-",Wilder2019_MeldingDataDecisions.pdf,7,Experiments -- Solution quality,"Paper itself labels matching and recommendation as real-data domains, in contrast to the 'synthetic' budget-allocation domain."
wilder2019melding,noise,mixed,quote,Budget allocation: We start with a synthetic domain,Wilder2019_MeldingDataDecisions.pdf,5,Experiments -- Budget allocation,"The budget-allocation domain (submodular, not linear) is semi-synthetic: ground-truth theta drawn from Yahoo webscope edges with theta_uv ~ U[0,0.2], features y_u = fixed random 5-layer ReLU net applied to theta_u (deterministic in theta, i.e. noiseless given features). Supports 'mixed' if all three experiments are considered; 'real' if only the linear (matching) experiment is."
wilder2019melding,noise,mixed,quote,"the dataset, we sample θuv uniformly at random in [0,0.2].",Wilder2019_MeldingDataDecisions.pdf,5,Experiments -- Budget allocation,Preceded by 'generated using the Yahoo webscope (Yahoo 2007) dataset'.
wilder2019melding,noise,mixed,quote,work with random weight matrices and ReLU activations to,Wilder2019_MeldingDataDecisions.pdf,5,Experiments -- Budget allocation,Features are a deterministic nonlinear function of theta_u: 'theta_u is passed through a 5-layer neural net- work with random weight matrices and ReLU activations to obtain a feature vector y_u.'
wilder2019melding,synthetic,no,quote,"formulated as a linear program, allowing us to apply our",Wilder2019_MeldingDataDecisions.pdf,5,Experiments -- Bipartite matching,Only the bipartite-matching experiment is an LP (linear setting); it uses real cora data. Budget allocation and diverse recommendation are submodular maximization (outside the linear setting).
wilder2019melding,synthetic,no,quote,signal settings where highly accurate recovery is impossible.,Wilder2019_MeldingDataDecisions.pdf,7,Experiments -- Solution quality,"Preceded by 'The next two domains, both based on real data, explore low-'. Matching and recommendation are real; the only synthetic domain (budget allocation) is submodular. synthetic=no holds if restricted to linear experiments; would be 'yes' if the submodular budget-allocation experiment counts."
wilder2019melding,synthetic,no,quote,fact that the features in this synthetic domain are very high-,Wilder2019_MeldingDataDecisions.pdf,7,Experiments -- Solution quality,Paper calls budget allocation 'this synthetic domain'. Evidence for the alternative reading synthetic=yes (if non-linear experiments count).
wilder2019melding,contaminated,no,absence,"Read pp. 5-7 (Experiments, Tables 1-2, discussion) in full. Every conclusion about Table 1 is a method ranking within one domain and one k (e.g. 'at least 37% greater objective value', 'nearly over 70% more matches than the next best method', 'NN2-2Stage trails by 23%'). Budget k is varied (5,10,20) but no sentence compares objective values across k, across domains, or across training-set sizes; no normalized metric is reported whose magnitude could be read as headroom. grep -i 'increas' / 'larger' / 'as k' in the experiments pages yields no cross-regime comparison of the metric.",Wilder2019_MeldingDataDecisions.pdf,7,Experiments,"Closest borderline sentence (p. 7): 'Both 1-layer models perform ex- tremely poorly, indicating that the more complex learning problem requires a more expressive model class.' -- a qualitative remark about model class in a harder domain, not a comparison of the metric across DGPs. See notes."
wilder2019melding,contaminated,no,quote,"tremely poorly, indicating that the more complex learning",Wilder2019_MeldingDataDecisions.pdf,7,Experiments -- Solution quality,"Borderline sentence: attributes the failure of 1-layer models on matching to the matching problem being harder than budget allocation. Method-class conclusion, not a cross-regime reading of the metric; flagged as a judgement call."
wilder2019melding,contaminated,no,quote,fact that the features in this synthetic domain are very high-,Wilder2019_MeldingDataDecisions.pdf,7,Experiments -- Solution quality,Second borderline sentence: explains RF-2Stage tying NN1-Decision on budget allocation by the synthetic domain's high-signal features vs. the real-data low-signal domains. Explains a within-domain ranking by a DGP property; does not compare the metric's value across domains.
wilder2019melding,formula_stated,partial,quote,jective value of its decision evaluated using the true param-,Wilder2019_MeldingDataDecisions.pdf,6,Experiments -- Solution quality,"Precise verbal definition of what is reported (objective value under true parameters), but no regret is defined and no formula is written for the reported quantity; hence 'partial'."
elbalghiti2019generalization,oracle,none,quote,"A decision is made with respect to the predicted cost vector, and the SPO loss is computed by evaluating the decision on the true cost vector and then subtracting the optimal cost assuming knowledge of the true cost vector.",ElBalghiti2019_GeneralizationBounds.pdf,2,1. Introduction,"The theoretical object (SPO loss) is a look-ahead-type regret against the realized cost vector, but no regret value is ever reported experimentally, so reported oracle = none."
elbalghiti2019generalization,setting,no experimental metric (rule 3: theory only),quote,"In this work, we seek to provide bounds on how well the performance of a prediction model fit on training data generalizes out-of-sample, in the context of the SPO loss. Since the SPO loss is non-convex and non-Lipschitz, standard results for deriving generalization bounds do not apply.",ElBalghiti2019_GeneralizationBounds.pdf,1,Abstract,Abstract states a purely theoretical aim; no experiments are announced anywhere.
elbalghiti2019generalization,setting,no experimental metric (rule 3: theory only),quote,"Our work extends learning theory, as developed for binary and multiclass classification, to predict-then-optimize problems in two very significant directions: (i) obtaining worst-case generalization bounds using combinatorial parameters that measure the capacity of function classes, and (ii) exploiting special structure in data by deriving margin-based generalization bounds that scale more gracefully w.r.t. problem dimensions.",ElBalghiti2019_GeneralizationBounds.pdf,27,6. Conclusions and Future Directions,Conclusions summarize only theoretical contributions (Theorems 1-8).
elbalghiti2019generalization,setting,no experimental metric (rule 3: theory only),absence,"Protocol: grepped whole-paper text (35 pages) for 'experiment' (0 hits), 'simulat' (0), 'benchmark' (0), 'dataset'/'data set' (1 hit, 'training data set' in the model setup on p6), 'numerical' (1 hit, 'numerical values of the cost vectors', not an experiment), 'Table' followed by a digit (0 hits; the paper has no tables), 'Figure' (1 hit: Figure 1, a geometric illustration of distance to degeneracy, p14), 'regret' (1 hit, in the literature review). Section headings are 1 Introduction, 2 Predict-then-Optimize Framework, 3 Generalization Bounds Based on Multiclass Classification, 4 Margin-based Generalization Bounds, 5 Applications to Strongly Convex and Polyhedral Sets, 6 Conclusions and Future Directions, Appendices A-D (proofs). Read in full: abstract, Section 1 (pp1-4), Section 6 (p27). No experimental section exists.",ElBalghiti2019_GeneralizationBounds.pdf,1-27,whole paper,"The paper does NOT belong in Table 1: no experiments, no reported regret. Exclusion under rule 3 is supported."
elmachtoub2020decision,metric_name,normalized extra travel time,quote,"The decisions are scored on a held out set of data using the metric of “normalized extra travel time”, defined as the cumulative SPO loss normalized by the cumulative optimal decision",ElmachtoubLiangMcNellis2020_SPOTrees.pdf,10,3.1 An Illustrative Example,Sentence continues on p. 11 with 'costs.' and the formula. Same name used in Sec. 5.1 (Figs. 3-4).
elmachtoub2020decision,metric_name,normalized extra travel time,quote,"Algorithmic performance on the test set is assessed with respect to normalized extra travel time defined in Section (3.1), which is equivalent to (normalized) SPO loss.",ElmachtoubLiangMcNellis2020_SPOTrees.pdf,18,5.1 Noisy Shortest Path,Also called '(normalized) SPO loss' / 'SPO loss' / 'decision error' in the text.
elmachtoub2020decision,oracle,LA,quote,"Mathematically, SPO loss measures the excess cost cT w∗ (ĉ) − z ∗ (c) incurred from making the (potentially) sub-optimal decision w∗ (ĉ) implied by prediction ĉ when the true cost is c.",ElmachtoubLiangMcNellis2020_SPOTrees.pdf,6,2. The Predict-then-Optimize Framework,z*(c) is the optimum for the realized cost vector c of each instance -> look-ahead (full-information) oracle.
elmachtoub2020decision,oracle,LA,equation,"Therefore, Elmachtoub and Grigas (2017) define SPO loss with respect to the worst-case decision from a predicted cost vector ĉ, defined mathematically below: :: Eq. (2): ℓ_SPO(ĉ, c) := max_{w ∈ W*(ĉ)} {c^T w} − z*(c)",ElmachtoubLiangMcNellis2020_SPOTrees.pdf,7,2. The Predict-then-Optimize Framework,Per-instance regret against the realized-cost optimum z*(c).
elmachtoub2020decision,denominator,oracle_cost,equation,"Unsurprisingly, the SPO Tree achieves zero decision error at all training depths since it correctly identified the decision boundary at depth 1. :: unnumbered display at top of p. 11: sum_{i=1}^{n} ℓ_SPO(ĉ_i, c_i) / sum_{i=1}^{n} z*(c_i)",ElmachtoubLiangMcNellis2020_SPOTrees.pdf,11,3.1 An Illustrative Example,The display immediately precedes this sentence; the preceding prose (p. 10) reads '... the cumulative SPO loss normalized by the cumulative optimal decision costs.' Denominator = sum of oracle (realized-optimal) costs over the test set.
elmachtoub2020decision,aggregation,ratio_of_sums,quote,"The decisions are scored on a held out set of data using the metric of “normalized extra travel time”, defined as the cumulative SPO loss normalized by the cumulative optimal decision",ElmachtoubLiangMcNellis2020_SPOTrees.pdf,10,3.1 An Illustrative Example,"'cumulative ... normalized by the cumulative ...' = sum of regrets over sum of oracle costs (ratio of sums), confirmed by the formula on p. 11."
elmachtoub2020decision,noise,yes,quote,"and εki are multiplicative i.i.d. noise terms sampled from U nif orm([1 − ε̄, 1 + ε̄]) for some parameter ε̄ ≥ 0.",ElmachtoubLiangMcNellis2020_SPOTrees.pdf,18,5.1 Noisy Shortest Path,"Synthetic shortest-path DGP (Elmachtoub & Grigas 2017) with multiplicative noise; ε̄ ∈ {0, 0.25} for n=200 and {0, 0.5} for n=10000, so half of the panels are noiseless (ε̄ = 0). A literal reading of the rubric gives 'mixed'; see notes."
elmachtoub2020decision,noise,yes,quote,We first study the empirical performance of SPO Trees and SPO Forests on a synthetic dataset for the shortest path problem studied in Elmachtoub and Grigas (2017).,ElmachtoubLiangMcNellis2020_SPOTrees.pdf,18,5.1 Noisy Shortest Path,
elmachtoub2020decision,noise,yes,quote,We also examine the performance of the SPO Trees and benchmark algorithms on a real dataset.,ElmachtoubLiangMcNellis2020_SPOTrees.pdf,22,5.2 News Article Recommendation,"The real-data experiment (Yahoo! Front Page) reports average click probability (objective value), not the normalized regret; so the regret-reporting experiments are all synthetic."
elmachtoub2020decision,synthetic,yes,quote,We first study the empirical performance of SPO Trees and SPO Forests on a synthetic dataset for the shortest path problem studied in Elmachtoub and Grigas (2017).,ElmachtoubLiangMcNellis2020_SPOTrees.pdf,18,5.1 Noisy Shortest Path,"All 'normalized extra travel time' results (Figs. 2d, 3, 4) are on this synthetic DGP."
elmachtoub2020decision,contaminated,yes,quote,"In particular, the greedy SPOT algorithm achieves percentage improvements in normalized extra travel time over the CART algorithm of 26.7%, 26.8%, 23.1%, and 23.6% when both are trained to depths of 1, 2, 3, and unrestricted depth, respectively (with the above percentage improvements averaged across the four combinations of deg and ¯).",ElmachtoubLiangMcNellis2020_SPOTrees.pdf,20,5.1 Noisy Shortest Path,"Pools the normalized metric across the four (deg, ε̄) DGP regimes into one headline improvement figure ('¯' is pdftotext's rendering of ε̄)."
elmachtoub2020decision,contaminated,yes,quote,forests of SPO Trees consistently outperform forests of CART trees by 20.5% averaged across the four parameter settings,ElmachtoubLiangMcNellis2020_SPOTrees.pdf,20,5.1 Noisy Shortest Path,Same pooling across DGP regimes for the forest comparison.
elmachtoub2020decision,contaminated,yes,quote,"Therefore, CART is eventually able to achieve highly accurate predictions – and therefore near-optimal decisions – as its depth increases.",ElmachtoubLiangMcNellis2020_SPOTrees.pdf,22,5.1 Noisy Shortest Path,"Reads the magnitude of the normalized metric (approaching 0) as 'near-optimal', i.e. as remaining headroom; and the n=200 vs n=10000 narrative ('The failure of CART ... coupled with the limited amount of training data', p. 20) draws a conclusion across training-set sizes."
elmachtoub2020decision,contaminated,yes,quote,We also increase the level of noise from ε̄ = 0.25 to ε̄ = 0.5 to make the estimation problem more challenging for the algorithms given the increased amount of data.,ElmachtoubLiangMcNellis2020_SPOTrees.pdf,22,5.1 Noisy Shortest Path,"Noise level and n are changed together between the two experiments; results are then contrasted ('As in the previous set of experiments ... However, when the training depths increase to six or more, CART begins to achieve comparable performance')."
elmachtoub2020decision,formula_stated,yes,equation,"Unsurprisingly, the SPO Tree achieves zero decision error at all training depths since it correctly identified the decision boundary at depth 1. :: unnumbered display at top of p. 11: sum_{i=1}^{n} ℓ_SPO(ĉ_i, c_i) / sum_{i=1}^{n} z*(c_i)",ElmachtoubLiangMcNellis2020_SPOTrees.pdf,11,3.1 An Illustrative Example,Formula for the reported normalized metric is written explicitly (numerator Eq. (2) on p. 7; ratio on p. 11).
pogancic2020differentiation,metric_name,accuracy (% of predictions with optimal cost); no regret reported,quote,"the accuracy, i.e. percentage of paths with the optimal costs.",Pogancic2020_BlackboxSolvers.pdf,7,4.1 Warcraft Shortest Path / Table 2 caption,"Table 2 caption (two-column interleaving splits it): 'Reported is the accuracy, i.e. percentage of paths with the optimal costs.' The reported metric is an indicator (percent optimal), not a regret."
pogancic2020differentiation,metric_name,accuracy (% of predictions with optimal cost); no regret reported,quote,"same cost), we report the percentage",Pogancic2020_BlackboxSolvers.pdf,7,4.1 Warcraft Shortest Path,"Full sentence (split across interleaved lines): 'Since the shortest paths in the maps are often nonunique (i.e. there are multiple shortest paths with the same cost), we report the percentage of shortest path predictions that have optimal cost.'"
pogancic2020differentiation,metric_name,accuracy (% of predictions with optimal cost); no regret reported,absence,"Grepped whole-paper text Pogancic2020_BlackboxSolvers.txt for 'regret' (0 hits) and 'cost ratio' (0). The loss trained on is Hamming distance to the label ('The loss used for computing the gradient update is the Hamming distance between the true shortest path and the predicted shortest path', p.7); reported metrics are 'accuracy, i.e. percentage of paths with the optimal costs' (Table 2, p.7), 'the full tour accuracy' (Table 3, p.8), 'the accuracy of predicting an optimal matching' (Table 4, p.8). No regret-like or objective-value metric anywhere.",Pogancic2020_BlackboxSolvers.pdf,7;8,4 Experiments,
pogancic2020differentiation,noise,none,quote,The costs for the different terrain types range from 0.8–9.2.,Pogancic2020_BlackboxSolvers.pdf,17,A.3.1 Warcraft Shortest Path,"Appendix confirms the fixed terrain-type costs (142 tiles, costs 0.8-9.2): deterministic Y given X."
pogancic2020differentiation,setting,"noiseless synthetic tasks; reports % optimal, not a regret",quote,"To that end, we solve three synthetic tasks as listed in Tab. 1.",Pogancic2020_BlackboxSolvers.pdf,6,4 Experiments,"All experiments (Warcraft shortest path, Globe TSP, MNIST min-cost perfect matching) are synthetic constructions with deterministic labels."
pogancic2020differentiation,setting,"noiseless synthetic tasks; reports % optimal, not a regret",quote,The maps have an underlying grid of dimension k × k where each vertex represents a terrain with a fixed cost that is unknown to the network. The shortest (minimum cost) path between top left and bottom right vertices is encoded as an indicator matrix and serves as a label (see also Fig. 4).,Pogancic2020_BlackboxSolvers.pdf,6,4.1 Warcraft Shortest Path,"Fixed terrain costs: y (the cost vector) is a deterministic function of the input image, so the DGP is noiseless (rule 4) -- the LA and TM oracles coincide."
pogancic2020differentiation,setting,"noiseless synthetic tasks; reports % optimal, not a regret",quote,"For computing the label, we consider the underlying k × k grid graph (without diagonal edges) and solve a MIN - COST- PERFECT- MATCHING problem, where edge weights are given simply by reading the two vertex digits as a two-digit number (we read downwards for vertical edges and from left to right for horizontal edges).",Pogancic2020_BlackboxSolvers.pdf,8,4.3 MNIST Min-Cost Perfect Matching,Matching-digits construction: edge costs are a deterministic function of the MNIST digits in the image; the only 'uncertainty' is recognising the digits.
berthet2020learning,metric_name,cost ratio to optimal path; perfect accuracy %; Spearman correlation,quote,We show two metrics: perfect accuracy percentage and cost ratio to optimal path (see Figure 6); full implementation details are in Appendix C.3.,Berthet2020_PerturbedOptimizers.pdf,11,5.3 Perturbed shortest path,What the shortest-path experiment reports: an indicator (% optimal) and a cost ratio -- not a regret difference.
berthet2020learning,metric_name,cost ratio to optimal path; perfect accuracy %; Spearman correlation,quote,Figure 6: Accuracy of the predicted path for several methods during training. Left. Percentage of test instances where the predicted path is optimal. Right. Ratio of costs between the predicted path and the actual shortest path – without the squared loss baseline as it does not yield valid paths.,Berthet2020_PerturbedOptimizers.pdf,11,Figure 6 caption,The ratio is achieved path cost over the realized-cost optimum (LA oracle; audit denominator 'true_sp_cost').
berthet2020learning,metric_name,cost ratio to optimal path; perfect accuracy %; Spearman correlation,quote,We report Spearman’s correlation (higher is better) in Figure 3. Results are averaged over 10-fold CV and parameters tuned by 5-fold CV.,Berthet2020_PerturbedOptimizers.pdf,10,5.2 Perturbed label ranking,Label ranking reports Spearman's correlation; Figure 4 (p.10) reports 'Average number of instances with exactly correct ranks for all 100 labels'. Sec. 5.1 (CIFAR-10) reports classification accuracy. Grep 'regret' in the whole-paper text: 0 hits.
berthet2020learning,oracle,LA,quote,Ratio of costs between the predicted path,Berthet2020_PerturbedOptimizers.pdf,11,Figure 6 caption,'... and the actual shortest path': the comparison point is the optimum for the realized (fixed) costs. In a noiseless DGP the LA and TM oracles coincide; recorded for completeness since the audit row carries oracle = LA.
berthet2020learning,noise,none,quote,"Figure 5: In the shortest path experiment, training features are images. Shortest paths are computed based on terrain costs, hidden to the network. Training responses are shortest paths based on this cost.",Berthet2020_PerturbedOptimizers.pdf,11,Figure 5 caption,"Deterministic terrain-type costs (inherited from Vlastelica et al. 2019, where tile costs are fixed in 0.8-9.2)."
berthet2020learning,noise,none,quote,"To better understand the complexity of this task, we also created a range of artificial datasets where 100 labels are generated by yi “ arg maxy xxJi w0 ` σZi , yy, in dimension 50, for different values of σ.",Berthet2020_PerturbedOptimizers.pdf,10,5.2 Perturbed label ranking,"CAVEAT: this artificial label-ranking DGP DOES carry data noise (σ Z_i in the labels), and p.10 speaks of 'robustness to the noise'. But that experiment reports only Spearman correlation and perfect-rank percentages, not a regret or objective value, so noise = none still holds for the regret-reporting experiment (Warcraft). Recorded because the claim 'every mention of noise in this paper is the method's perturbation' is not quite true -- see notes."
berthet2020learning,setting,rule 4: the only regret-like metric is on the noiseless Warcraft shortest-path replication,quote,"We replicate the experiment of Vlastelica et al. (2019), aiming to learn the travel costs in graphs based on features, given examples of shortest path solutions (see Figure 5). We use a dataset of 10,000 RGB images of size 96 ˆ 96 illustrating Warcraft terrains of 12 ˆ 12 2D grid networks.",Berthet2020_PerturbedOptimizers.pdf,10,5.3 Perturbed shortest path,Same Warcraft SP(12) data as Vlastelica/Pogancic et al. (2019) = pogancic2020differentiation.
berthet2020learning,setting,rule 4: the only regret-like metric is on the noiseless Warcraft shortest-path replication,quote,"responses yi are a shortest path between the top-left and bottom-right corners, for costs hidden to the network, corresponding to the terrain type. They are 12 ˆ 12 binary matrices representing the vertices along the shortest path.",Berthet2020_PerturbedOptimizers.pdf,10,5.3 Perturbed shortest path,"Costs are hidden but fixed per terrain type: y is a deterministic function of the image, so the DGP is noiseless and LA = TM."
mandi2020smart,metric_name,regret,quote,In Table 1 we present both the MSE-loss of the predictions and the regret attained by using the predictions.,MandiGuns2020_InteriorPoint.pdf,7,4 Experiments -- Knapsack formulation of real estate investments,Tables 1-4 label the row 'Regret' (Table 1: 'Regret (x10^4)').
mandi2020smart,oracle,LA,quote,"For an (MI)LP problem, the cost of using predicted ĉ instead of ground-truth c is measured by regret(ĉ, c; A, b) = c> x∗ (ĉ; A, b) − x∗ (c; A, b) ; that is, the difference in value when optimizing over the predictions ĉ instead of the actual values c.",MandiGuns2020_InteriorPoint.pdf,3,2 Problem Description -- Regret,"Regret is against x*(c; A, b), the optimum for the realized (ground-truth) cost vector c of the instance -> look-ahead oracle. (The typeset formula reads c^T(x*(ĉ) − x*(c)); pdftotext dropped the c^T factor on the second term.)"
mandi2020smart,oracle,LA,quote,"Training is carried out over the relaxed problem, but we evaluate the objective and the regret on the test data by solving the discrete MILP to optimality.",MandiGuns2020_InteriorPoint.pdf,6,4 Experiments,Test-time regret computed with the true test costs and the exact MILP optimum.
mandi2020smart,denominator,raw,quote,"Table 1: Comparison among approaches for the Knapsack Problem. Maximisation problem, number between brackets is standard deviation across 10 runs.",MandiGuns2020_InteriorPoint.pdf,7,4 Experiments -- Table 1,Regret reported in raw objective units (Table 1 'Regret (x10^4)'; Table 2 regret 10774-13652 in energy-cost units; Table 4 regret 92-322). No normalization anywhere.
mandi2020smart,denominator,raw,absence,"grep -i over text/MandiGuns2020_InteriorPoint.txt: 'regret' 17 hits (all raw regret, definition on p. 3 and Tables 1-4); 'normaliz' 0; 'percent' 0; 'divid' 0; 'denominator' 0; 'relative' 1 (in 'relatively few errors'); 'ratio' 14 (all inside 'iteration(s)'/'integration'/'Operations Research'). Read Sec. 2 (regret definition, p. 3), Sec. 4 Experiments in full (pp. 6-9) and Appendix A.4 (p. 14). No normalized or relative regret is ever mentioned.",MandiGuns2020_InteriorPoint.pdf,7,4 Experiments,Supports denominator=raw and formula_stated=yes (raw regret is exactly the defined quantity).
mandi2020smart,aggregation,mean,quote,Table 4 presents average MSE-loss and regrets ob- tained on the test instances.,MandiGuns2020_InteriorPoint.pdf,8,4 Experiments -- Shortest path problem,Only explicit aggregation statement: average regret over test instances (Table 4). Tables 1-2 do not say whether regret is summed or averaged over test instances; brackets give SD across 10 runs (p. 7).
mandi2020smart,aggregation,mean,quote,"Table 1: Comparison among approaches for the Knapsack Problem. Maximisation problem, number between brackets is standard deviation across 10 runs.",MandiGuns2020_InteriorPoint.pdf,7,4 Experiments -- Table 1,Second level of aggregation: mean and SD across 10 training runs.
mandi2020smart,noise,real,quote,"We use the dataset of Rafiei and Adeli [26], which comprises of two sets of features: a) the physical and financial properties of the housings; and b) the economic variables to gauge the state of the real estate market.",MandiGuns2020_InteriorPoint.pdf,7,4 Experiments -- Knapsack formulation of real estate investments,Experiment 1 (knapsack): real housing-price data.
mandi2020smart,noise,real,quote,The energy price data is taken from the Irish Single Electricity Market Operator (SEMO) [15]. It consists of historical energy price data at 30-minute intervals from 2011-2013.,MandiGuns2020_InteriorPoint.pdf,7,4 Experiments -- Energy-cost aware scheduling,Experiment 2 (energy scheduling): real SEMO day-ahead price data as the target.
mandi2020smart,noise,mixed,quote,"To generate feature-correlated edge weights, we use a random network approach inspired by [29]: we construct a random 3-layer network that receives a concatenation of the node features of its edges and a random number as input. We add some additional Gaussian noise to the resulting output and set that as edge weight.",MandiGuns2020_InteriorPoint.pdf,8,4 Experiments -- Shortest path problem,"Experiment 3 (shortest path, Table 4): edge costs are SYNTHETIC -- generated by a random network from real node features plus a random input and additive Gaussian noise. Real network structure/features, synthetic noisy targets. Contradicts noise=real; supports mixed."
mandi2020smart,noise,mixed,quote,"Instead of fully synthetic small-scale data, we use, as network structure, a twitter ego networks comprising of 231 nodes and 2861 edges [16].",MandiGuns2020_InteriorPoint.pdf,8,4 Experiments -- Shortest path problem,"The paper contrasts itself with 'fully synthetic' data, but only the graph structure and node features are real; the costs are generated."
mandi2020smart,synthetic,yes,quote,"To generate feature-correlated edge weights, we use a random network approach inspired by [29]: we construct a random 3-layer network that receives a concatenation of the node features of its edges and a random number as input. We add some additional Gaussian noise to the resulting output and set that as edge weight.",MandiGuns2020_InteriorPoint.pdf,8,4 Experiments -- Shortest path problem,"At least one regret-reporting experiment (shortest path, Table 4) has a synthetic DGP for the cost vector -> rubric gives synthetic=yes. Contradicts current synthetic=no; flagged in notes."
mandi2020smart,synthetic,yes,quote,"This knapsack experiment is taken from [18], where the knapsack instances are created from the energy price dataset 15. The 48 half-hour slots are considered as 48 knapsack items and a random cost is assigned to each slot.",MandiGuns2020_InteriorPoint.pdf,14,A.4 Additional Knapsack Experiments,"Appendix knapsack: real prices as profits, random (synthetic) weights; targets are real, so this one alone would not make synthetic=yes."
mandi2020smart,contaminated,no,absence,"Read Sec. 4 Experiments (pp. 6-9), Discussion (p. 9), Conclusion (p. 9) and Appendix A.4 (p. 14) in full. Every quantitative conclusion is a within-problem method ranking ('IntOpt approach is able to produce the lowest regret, followed by SPO with QPTL having worse results'; 'IntOpt performs best with respect to the regret, though marginally'). Regret is raw and in different units per problem, and the paper never compares regret values across problems, budgets (Appendix Table, budgets 60/120), noise levels or training-set sizes. grep -i 'increas' / 'larger' / 'harder' in pp. 6-9 yields no cross-regime metric comparison.",MandiGuns2020_InteriorPoint.pdf,9,4 Experiments -- Discussion,Borderline sentence recorded in the next row.
mandi2020smart,contaminated,no,quote,"Out of the three experimental setups considered, for the first experiment, both the prediction and the optimization task are fairly simple, whereas the optimization tasks are challenging for the other two experiments. It seems, our approach does not perform well compared to SPO for the easier problem, but yields better result for the challenging problems.",MandiGuns2020_InteriorPoint.pdf,9,4 Experiments -- Discussion,"Borderline: a cross-problem statement, but about which method wins on which problem (a summary of within-problem rankings), not a comparison of regret magnitudes across problems. Lean no; see notes."
mandi2020smart,formula_stated,yes,quote,"For an (MI)LP problem, the cost of using predicted ĉ instead of ground-truth c is measured by regret(ĉ, c; A, b) = c> x∗ (ĉ; A, b) − x∗ (c; A, b) ; that is, the difference in value when optimizing over the predictions ĉ instead of the actual values c.",MandiGuns2020_InteriorPoint.pdf,3,2 Problem Description -- Regret,"Regret written as an inline formula; the reported quantity is this raw regret, so the formula fully covers what is reported (no normalization to define)."
wang2020automatically,metric_name,regret,quote,"Performance is measured in terms of regret, which is defined as the difference between the achieved solution quality and the solution quality if the unobserved parameters θ∗ were observed directly—smaller is better.",Wang2020_CompactSurrogates.pdf,5,5 Experiments,"The paper's only name for the metric is 'regret'; figure y-axes read 'Regret' (Figs. 4-6(a), p.7)."
wang2020automatically,oracle,LA,quote,"Performance is measured in terms of regret, which is defined as the difference between the achieved solution quality and the solution quality if the unobserved parameters θ∗ were observed directly—smaller is better.",Wang2020_CompactSurrogates.pdf,5,5 Experiments,"Oracle = solution quality if the unobserved parameters θ* (the realized test-instance parameters) were observed directly: hindsight/realized optimum, not a conditional-mean optimum."
wang2020automatically,denominator,raw,quote,"Performance is measured in terms of regret, which is defined as the difference between the achieved solution quality and the solution quality if the unobserved parameters θ∗ were observed directly—smaller is better.",Wang2020_CompactSurrogates.pdf,5,5 Experiments,Regret is a plain difference; no division is mentioned anywhere.
wang2020automatically,denominator,raw,absence,"Grepped whole-paper text Wang2020_CompactSurrogates.txt for: regret (8 hits, all in Sec.5-6 or figure axes), normaliz (0), relative (2: 'relative to decision-focused learning' p.8 and 'relatively less' p.8, neither a normalization), percent (0), divid (0), denominator (0), ratio (7, all inside 'iteration'/'rational'/'Operations'), '%' (7, all train/val/test splits or 'reparameterization size ... 10%'). Read Sec.5 (pp.5-8) and Sec.6 (pp.8-9) in full. No normalization of regret anywhere; figures 4(a)-6(a) plot raw 'Regret' with domain-specific scales (0-0.8, 0-15, 0-0.08).",Wang2020_CompactSurrogates.pdf,5;7;8,5 Experiments; 6 Discussion of Experimental Results,
wang2020automatically,aggregation,unknown,quote,All methods are trained using gradient descent with optimizer Adam [26] with learning rate 0.01 and repeated over 30 independent runs to get the average.,Wang2020_CompactSurrogates.pdf,5,5 Experiments,Only the averaging over 30 runs is stated; how per-test-instance regrets are combined (mean vs sum over the test set) is never said.
wang2020automatically,aggregation,unknown,absence,"Grepped whole-paper text for: average (1 hit, '30 independent runs to get the average', p.5), mean (only in 'mean-covariance' ref [34]), sum (0 in the experimental sections), expect (only in game-theoretic 'expected utility' p.6), 'test' (train/val/test splits pp.6-8). Read Sec.5 and Sec.6 in full and the figure captions p.7. The paper never states whether the plotted regret is a mean or a sum over test instances.",Wang2020_CompactSurrogates.pdf,5;6;7;8,5 Experiments; 6 Discussion of Experimental Results,
wang2020automatically,noise,mixed,quote,We generate random geometric graphs of varying sizes with radius 0.2 in a unit square.,Wang2020_CompactSurrogates.pdf,6,5.1 Adversarial Behavior Learning and Interdiction Games,NSG domain: synthetic instances.
wang2020automatically,noise,mixed,quote,"The ground truth attractiveness value θv of node v ∈ V is proportional to the proximity to the closest target plus a random perturbation sampled as Unif(−1, 1) which models idiosyncrasies in the attacker’s preferences. The node features ξ are generated as ξ = GCN(θ) + 0.2N (0, 1), where GCN is a randomly initialized GCN with four convolutional layers and three fully connected layers.",Wang2020_CompactSurrogates.pdf,6,5.1 Adversarial Behavior Learning and Interdiction Games,"NSG domain: synthetic DGP with a stochastic component (Unif(-1,1) perturbation of θ and Gaussian feature noise), so θ is not a deterministic function of ξ. This is a noisy synthetic regret-reporting experiment (Fig. 4(a) 'Performance in regret')."
wang2020automatically,noise,mixed,quote,We use MovieLens [20] as our dataset.,Wang2020_CompactSurrogates.pdf,7,5.2 Movie Recommendation and Broadcasting Problem,Movie domain: real data.
wang2020automatically,noise,mixed,quote,"We use historical daily price and volume data from 2004 to 2017 downloaded from the Quandl WIKI dataset [36]. We evaluate on the SP500, a collection of the 505 largest companies representing the American market.",Wang2020_CompactSurrogates.pdf,7,5.3 Stock Market Portfolio Optimization,Portfolio domain: real data. Two real + one noisy synthetic domain -> mixed. audit.csv says 'real' -- see notes.
wang2020automatically,synthetic,yes,quote,Figure 4: Experimental results in network security games with a non-convex optimization problem.,Wang2020_CompactSurrogates.pdf,7,Figure 4,"Fig. 4(a) is labelled '(a) Performance in regret'; the NSG domain (synthetic random geometric graphs, p.6) reports regret. audit.csv says 'no' -- see notes."
wang2020automatically,contaminated,yes,quote,"In the non-convex (Figure 4(a)) and submodular (Figure 5(a)) settings, we see a larger improvement in solution quality relative to decision-focused learning. This is due to the huge number of local minima and plateaus in these two settings where two-stage and decision-focused approaches can get stuck.",Wang2020_CompactSurrogates.pdf,8,6 Discussion of Experimental Results,Cross-problem comparison: the size of the (raw) regret improvement is compared across the three domains and attributed to problem structure.
wang2020automatically,contaminated,yes,quote,"We see relatively less performance improvement (compared to decision-focused) when the optimization problem is strongly convex and hence smoother (Figure 6(a)), though the surrogate approach still achieves similar performance to the decision-focused approach.",Wang2020_CompactSurrogates.pdf,8,6 Discussion of Experimental Results,Second half of the same cross-problem comparison.
wang2020automatically,contaminated,yes,absence,"Looked for a prose conclusion comparing regret across problem sizes (audit.csv status_note: 'cross-regime in problem size'). Grepped whole-paper text for: size (hits: 'reparameterization size' p.5, 'varying sizes' p.6, 'groups of size 100' p.7, 'size represent the weights' p.8), larger (2: 'fails to scale up to larger instances' p.6 -- about scalability; 'larger improvement in solution quality' p.8 -- cross-problem), increas (1, Broader impact p.9), grow (0), '# nodes'/'# candidates'/'# securities' (only figure axes p.7). Read Sec.5-6 in full. Figures 4(a)-6(a) plot regret against problem size (20-100 nodes, 20-100 candidates, 50-250 securities) but no sentence draws a conclusion about how regret changes with size; the only cross-regime conclusion in prose is the cross-problem one quoted above.",Wang2020_CompactSurrogates.pdf,7;8,6 Discussion of Experimental Results,
wang2020automatically,formula_stated,partial,quote,"Performance is measured in terms of regret, which is defined as the difference between the achieved solution quality and the solution quality if the unobserved parameters θ∗ were observed directly—smaller is better.",Wang2020_CompactSurrogates.pdf,5,5 Experiments,"The regret is defined only in this one sentence, verbally; no equation for the metric anywhere. Whether a verbal difference-definition counts as 'partial' rather than 'no' is a judgement call -- see notes."
wang2020automatically,formula_stated,partial,absence,"Grepped whole-paper text for 'regret' (8 hits: p.5 definition sentence, figure axis labels and captions p.7, Sec.6 p.8). None is an equation. Numbered equations in the paper are (1)-(3) surrogate formulation pp.3-4, (4) Rademacher bound p.5, (5) movie objective p.6, (6)-(11) appendix pp.14. Read Sec.5-6 and Appendix 8-12 (pp.12-15) in full: no formula for regret, no statement of aggregation.",Wang2020_CompactSurrogates.pdf,5;7;8,5 Experiments; 6 Discussion of Experimental Results,
bertsimas2020predictive,metric_name,coefficient of prescriptiveness,quote,"We define an analogous quantity for the predictive prescription problem, which we term the coefficient of prescriptiveness. It involves three quantities.",BertsimasKallus2020_PredictiveToPrescriptive.pdf,21,5. Metrics of Prescriptiveness,Symbol P; also called 'the coefficient of prescriptiveness P' throughout.
bertsimas2020predictive,oracle,LA,quote,"is the estimated expected costs in the deterministic perfect-foresight counterpart problem, in which one has foreknowledge of Y without any uncertainty (note the di↵erence to the full-information optimum, which does have uncertainty).",BertsimasKallus2020_PredictiveToPrescriptive.pdf,21,5. Metrics of Prescriptiveness,The parenthetical requested by the caller. pdftotext renders the 'ff' ligature as the glyph U+21B5 ('di↵erence'); copied verbatim from p021.txt. The paper explicitly distinguishes the perfect-foresight (LA) anchor from the full-information (TM) optimum and uses the former.
bertsimas2020predictive,oracle,LA,equation,"is the estimated expected costs in the deterministic perfect-foresight counterpart problem :: R^*_{N_v} = (1/N_v) sum_{i=1}^{N_v} min_{z in Z} c(z; y~^i)  -- per-instance minimum over the realized validation outcome y~^i (hat on R, tilde on y)",BertsimasKallus2020_PredictiveToPrescriptive.pdf,21,5. Metrics of Prescriptiveness,Second of the three quantities entering Eq. (22); unnumbered display.
bertsimas2020predictive,oracle,LA,quote,"One is the performance of the perfect-forecast policy, which knows future demand exactly (no distributions).",BertsimasKallus2020_PredictiveToPrescriptive.pdf,31,6.5. Applying Our Predictive Prescriptions to the Problem,Real-data case study uses the same perfect-foresight anchor ('prescient policy').
bertsimas2020predictive,denominator,ref_policy_regret,equation,"define the coefficient of prescriptiveness P as follows: :: Eq. (22): P = 1 - ( R_{N_v}(z_N) - R^*_{N_v} ) / ( R_{N_v}(z^SAA_N) - R^*_{N_v} )   [hats on all R; z_N the learned prescription, z^SAA_N the SAA (no-X) decision, R^* the perfect-foresight cost]",BertsimasKallus2020_PredictiveToPrescriptive.pdf,21,5. Metrics of Prescriptiveness,"Denominator is the excess cost of the SAA reference policy over the perfect-foresight cost, i.e. the SAA policy's look-ahead regret."
bertsimas2020predictive,denominator,ref_policy_regret,quote,The ratio of the di↵erence between our performance and that of the prescient policy and the di↵erence between the performance of SAA++ and that of the prescient policy is the coefficient of prescriptiveness P .,BertsimasKallus2020_PredictiveToPrescriptive.pdf,31,6.5. Applying Our Predictive Prescriptions to the Problem,Real-data version: the reference policy is 'SAA++' (SAA stratified by weeks-on-market). Ligature glyph U+21B5 copied verbatim from p031.txt.
bertsimas2020predictive,aggregation,ratio_of_sums,equation,is the estimated expected costs due to our predictive prescription. :: R_{N_v}(z_N) = (1/N_v) sum_{i=1}^{N_v} c(z_N(x~^i); y~^i)  [hat on R and z],BertsimasKallus2020_PredictiveToPrescriptive.pdf,21,5. Metrics of Prescriptiveness,"All three ingredients of Eq. (22) are validation-set means; P is a ratio of differences of means (mean over mean), not an average of per-instance ratios. Section 5 opens by defining the population quantity R(z_N)=E[c(z_N(X);Y)] and then estimates it, which is presumably why the audit row says 'aggregates'. See notes: DISAGREES/judgement call."
bertsimas2020predictive,aggregation,ratio_of_sums,quote,"When measured out-of-sample over the 150-week period as these policies make live decisions, we get P = 0.88. Said another way, in terms of our objective (sales volumes), our data X and our prescription ẑN (x) gets us 88% of the way from the best data-poor decision to the impossible perfect-foresight decision. This is averaged over just under 20,000 locations.",BertsimasKallus2020_PredictiveToPrescriptive.pdf,31,6.5. Applying Our Predictive Prescriptions to the Problem,"Headline P = 0.88 is one number over ~20,000 locations x 150 weeks; Figure 10 (p30) additionally shows the distribution of per-location P values."
bertsimas2020predictive,noise,mixed,quote,"We illustrate this with synthetic data but, in Section 6, we study a real-world problem and use real-world data.",BertsimasKallus2020_PredictiveToPrescriptive.pdf,5,1.1. An Illustrative Examples,"Both synthetic (Sections 1.1, 5) and real (Section 6) experiments report P."
bertsimas2020predictive,noise,mixed,quote,"where Ai is the mean-dependence of the ith demand on these factors with some idiosyncratic noise, Bi the variance-dependence, and ✏i and i are independent standard Gaussian idiosyncratic contributions.",BertsimasKallus2020_PredictiveToPrescriptive.pdf,54,13.1. Shipment Planning Example,"Synthetic DGP Y_i = max{0, A_i^T(X + delta_i/4) + B_i^T X eps_i}: stochastic Y given X, so the two oracles differ. Greek letters mangled by pdftotext ('✏i' = eps_i; delta_i dropped)."
bertsimas2020predictive,noise,mixed,quote,"To consider the relationship between how predictive X is of Y and the coefficient of prescriptiveness, we consider modifying the example by varying the magnitude of residual noise, fixing N = 214 .",BertsimasKallus2020_PredictiveToPrescriptive.pdf,22,5. Metrics of Prescriptiveness,Noise level is itself varied (Figure 4b). '214' is 2^14 with the superscript lost.
bertsimas2020predictive,synthetic,yes,quote,"Let us consider the coefficient of prescriptiveness in the example from Section 1.1. For each of our predictive prescriptions and for each N , we measure the out of sample P on a validation set of size Nv = 200 and plot the results in Figure 4a.",BertsimasKallus2020_PredictiveToPrescriptive.pdf,22,5. Metrics of Prescriptiveness,"P is reported on the synthetic shipment-planning example of Section 1.1 (Figure 4), in addition to the real-data study."
bertsimas2020predictive,contaminated,yes,quote,"Notice that even when we converge to the full-information optimum, P does not approach 1 as N grows. Instead we see that for the same methods that converged to the full-information optimum, we have a P that approaches 0.46. This number represents the extent of the potential that X has to reduce costs in this particular problem.",BertsimasKallus2020_PredictiveToPrescriptive.pdf,22,5. Metrics of Prescriptiveness,Reads P across training-set size N (Figure 4a) and interprets the magnitude 0.46. Note the paper correctly identifies the ceiling below 1 (dashed 'theoretical limit' line in Figure 4) -- see judgement call in notes.
bertsimas2020predictive,contaminated,yes,quote,"As is the case with R2 , what magnitude of P denotes a successful application depends on the context. In our real-world application in Section 6, we find an out-of-sample P of 0.88.",BertsimasKallus2020_PredictiveToPrescriptive.pdf,22,5. Metrics of Prescriptiveness,Cross-problem comparison of P (0.46 synthetic vs 0.88 real).
bertsimas2020predictive,contaminated,yes,quote,"We plot the results in Figure 4b, noting that the behavior matches our description of the extremes above.",BertsimasKallus2020_PredictiveToPrescriptive.pdf,22,5. Metrics of Prescriptiveness,Figure 4b plots P against the noise level (average R^2 from 0 to 1) and the text draws conclusions from the trend across noise levels.
bertsimas2020predictive,contaminated,yes,quote,"When Y is measurable with respect to X (R = 1), the coefficient of the optimal decision reaches 1, most methods have a coefficient near 1, and the point-prediction-driven",BertsimasKallus2020_PredictiveToPrescriptive.pdf,22,5. Metrics of Prescriptiveness,Cross-noise-level conclusion (R = 1 is R-bar^2 = 1; superscript lost in text). Sentence continues on p23: 'decision also has a coefficient near 1 and beats most other methods.'
bertsimas2020predictive,contaminated,yes,quote,"Specifically, the data we collect, leveraged by our methods, accounts for an 88% improvement as measured by our coefficient of prescriptiveness.",BertsimasKallus2020_PredictiveToPrescriptive.pdf,1,Abstract,Headline reads the magnitude of P as the size of the improvement.
bertsimas2020predictive,formula_stated,yes,equation,"Using these three quantities, we define the coefficient of prescriptiveness P as follows: :: Eq. (22): P = 1 - ( R_{N_v}(z_N) - R^*_{N_v} ) / ( R_{N_v}(z^SAA_N) - R^*_{N_v} )   [hats on all R]",BertsimasKallus2020_PredictiveToPrescriptive.pdf,21,5. Metrics of Prescriptiveness,Numbered equation; each of the three ingredients is also written out as a display on the same page.
mulamba2021contrastive,metric_name,regret (test regret),quote,"In Table 1, 2 and 3, we compare the test regret of these 4 con-",Mulamba2021_ContrastiveLosses.pdf,6,6.2 Results -- Q1,Tables 1-3 captions: '(Average and standard deviation of regret on test data)'; appendix Tables 4-7 'Test Regret'.
mulamba2021contrastive,metric_name,regret (test regret),quote,(Average and standard deviation of regret on test data),Mulamba2021_ContrastiveLosses.pdf,5,6 Empirical Evaluation -- Table 1 caption,
mulamba2021contrastive,oracle,LA,quote,"estimated parameter values v ∗ (ĉ). Formally, Regret(ĉ, c) =",Mulamba2021_ContrastiveLosses.pdf,2,3 Problem Setting,"Continues (next physical line of the same column): 'f (v*(ĉ), c) − f (v*(c), c).' Regret against v*(c), the optimum for the true (realized) parameter vector c of the instance -> look-ahead oracle."
mulamba2021contrastive,oracle,LA,quote,"f (v ∗ (ĉ), c) − f (v ∗ (c), c). In case of minimisation problems,",Mulamba2021_ContrastiveLosses.pdf,2,3 Problem Setting,"Inline formula Regret(ĉ,c) = f(v*(ĉ),c) − f(v*(c),c)."
mulamba2021contrastive,oracle,LA,quote,between the true value of: 1) the optimal solution v ∗ (c) for,Mulamba2021_ContrastiveLosses.pdf,2,3 Problem Setting,Verbal definition: 'the difference between the true value of: 1) the optimal solution v*(c) for the true parameter values; and 2) the optimal solution for the estimated parameter values v*(ĉ).'
mulamba2021contrastive,denominator,raw,quote,(Average and standard deviation of regret on test data),Mulamba2021_ContrastiveLosses.pdf,5,6 Empirical Evaluation -- Tables 1-3,"Raw regret in objective units (knapsack 327-2475, energy 17507-104496, matching 3376-3732); no normalization."
mulamba2021contrastive,denominator,raw,absence,"grep -i over text/Mulamba2021_ContrastiveLosses.txt: 'regret' 49 hits (definition p. 2, Tables 1-7, discussion); 'normaliz' 2 (both about the partition function Z / 'unnormalized statistical models', not the metric); 'relative' 0; 'percent' 0; 'divid' 0; 'denominator' 0; 'ratio' 7 (inside 'iteration'/'exploration'/'integration'). Read Sec. 3 (p. 2), Sec. 6 in full (pp. 5-7) and Appendix C-D (pp. 9-10). No normalized or relative regret anywhere.",Mulamba2021_ContrastiveLosses.pdf,5,6 Empirical Evaluation,Supports denominator=raw and formula_stated=yes.
mulamba2021contrastive,aggregation,mean,quote,is run on the test data 10 times and we report the average and,Mulamba2021_ContrastiveLosses.pdf,6,6.2 Results,Full sentence: 'The final model is run on the test data 10 times and we report the average and standard deviation (in bracket) of the 10 runs.' Table captions: 'Average and standard deviation of regret on test data'.
mulamba2021contrastive,aggregation,mean,quote,standard deviation (in bracket) of the 10 runs. All methods,Mulamba2021_ContrastiveLosses.pdf,6,6.2 Results,
mulamba2021contrastive,noise,real,quote,"et al., 2012], which contains historical energy price data at",Mulamba2021_ContrastiveLosses.pdf,5,6.1 Experimental Settings -- Knapsack Problem,Knapsack values and energy-scheduling costs are real SEMO day-ahead electricity prices (Ifrim et al. 2012); features are real calendar/weather/forecast attributes.
mulamba2021contrastive,noise,real,quote,the same energy price data for this experiment. We study,Mulamba2021_ContrastiveLosses.pdf,5,6.1 Experimental Settings -- Energy-cost Aware Scheduling,Energy scheduling uses the same real price data.
mulamba2021contrastive,noise,real,quote,"structed from the CORA citation network [Sen et al., 2008].",Mulamba2021_ContrastiveLosses.pdf,5,6.1 Experimental Settings -- Diverse Bipartite Matching,Matching instances from the real CORA citation network (Ferber et al. 2020); targets are real edge presence.
mulamba2021contrastive,noise,real,quote,to each of the 48 slots and the price is multiplied accord-,Mulamba2021_ContrastiveLosses.pdf,5,6.1 Experimental Settings -- Knapsack Problem,"Caveat: 'The knapsack weights are synthetically generated where a weight in {3, 5, 7} is randomly assigned to each of the 48 slots and the price is multiplied accordingly before adding Gaussian noise xi ~ N(0, 25)'. Weights (known constraint data) are synthetic; the sentence can be read as also perturbing the item value (real price x weight + Gaussian noise). See notes -- this is the only place a synthetic stochastic component touches a regret-reporting experiment."
mulamba2021contrastive,noise,real,quote,"ingly before adding Gaussian noise ξ ∼ N(0, 25) to main-",Mulamba2021_ContrastiveLosses.pdf,5,6.1 Experimental Settings -- Knapsack Problem,"Same caveat; continuation: 'tain high correlation between the prices and the weights as strongly correlated instances are difficult to solve [Pisinger, 2005].' The stated purpose is to make knapsack *instances* hard (weight-value correlation), not to model prediction noise."
mulamba2021contrastive,noise,mixed,repository,"github.com/PredOpt/predopt-benchmarks, Knapsack/Trainer/Data.npz: weights (48,) in {3,5,7}; y_train / weight[slot] recovers a EUR/MWh price series (mean 64.6) but the targets lie on no 0.01 price grid (share on grid 0.1%), i.e. target = price x weight + continuous noise, matching the paper's 'adding Gaussian noise xi ~ N(0, 25)' (p5). Checked 2026-08-31.",Mulamba2021_ContrastiveLosses.pdf,5,6.1 Knapsack Problem,"Reading (ii): the noise is added to the item VALUES, so the knapsack targets are semi-synthetic and noisy. Could not be settled from the paper text; required the benchmark repository. Same data underlie mandi2022decision and mandi2024decision."
mulamba2021contrastive,synthetic,no,quote,"et al., 2012], which contains historical energy price data at",Mulamba2021_ContrastiveLosses.pdf,5,6.1 Experimental Settings -- Knapsack Problem,"All three regret-reporting experiments are built on real datasets (SEMO prices; CORA). synthetic=no, subject to the knapsack weight/noise caveat recorded under noise."
mulamba2021contrastive,synthetic,no,quote,to one calendar day. The knapsack weights are synthetically,Mulamba2021_ContrastiveLosses.pdf,5,6.1 Experimental Settings -- Knapsack Problem,"The word 'synthetically' applies to the knapsack weights (constraint data), which are known, not predicted."
mulamba2021contrastive,synthetic,yes,adjudication,Knapsack targets are real prices transformed by synthetic weights plus Gaussian noise (see the repository row); by the project's treatment of semi-synthetic designs (cf. gupta2024directional) this counts as a synthetic DGP.,Mulamba2021_ContrastiveLosses.pdf,5,6.1 Knapsack Problem,
mulamba2021contrastive,contaminated,no,absence,"Read Sec. 6 (pp. 5-7: 6.1 settings, 6.2 results Q1-Q4), Sec. 7, and Appendix D tables (p. 10) in full. Every conclusion is a within-instance method comparison (e.g. 'LMAP(ĉ−c) performs the best among all the loss variants'; 'In Knapsack-120, Blackbox and Interior performs best in terms of regret'; 'In Matching-25, QPTL is the best albeit the slowest'). Knapsack capacities (60/120/180), Energy-1/2/3 and Matching-10/25/50 are separate columns but regret is never compared across them; regret is raw and unit-bearing. grep -i 'increas' / 'larger' / 'harder' / 'capacit' in pp. 5-7 yields no cross-regime metric comparison.",Mulamba2021_ContrastiveLosses.pdf,7,6.2 Results,"Two qualitative cross-problem remarks exist but do not compare the metric: p. 5 'we consider a more complex combinatorial optimization problem' (energy) and p. 6 'Contrary to the previous ones, here the learning task is the challenging one whereas the optimisation task is relatively simpler' (matching)."
mulamba2021contrastive,contaminated,no,quote,"instance, caching methods are not good enough; but the four",Mulamba2021_ContrastiveLosses.pdf,7,6.2 Results -- Q4,"Preceded by 'In this'. Illustrates that conclusions are stated per instance (Matching-25), not across regimes."
mulamba2021contrastive,formula_stated,yes,quote,"f (v ∗ (ĉ), c) − f (v ∗ (c), c). In case of minimisation problems,",Mulamba2021_ContrastiveLosses.pdf,2,3 Problem Setting,"Regret formula written inline; the reported quantity is this raw regret averaged over test data, so the formula fully covers what is reported."
liu2021risk,metric_name,normalized SPO loss,equation,"in order to evaluate the performance of each method we compute a “normalized” SPO loss on the test set. :: (unnumbered display, Sec. 5): Σ_{i=1}^{m} ℓ_SPO(ĝ(x̃_i), c̃_i) / Σ_{i=1}^{m} z*(c̃_i)",LiuGrigas2021_RiskBoundsSPO.pdf,8,5 Computational experiments (portfolio allocation),Same ratio-of-sums normalized SPO loss as Elmachtoub & Grigas; the classification experiment reports the unnormalized 'test set SPO loss' (p. 9).
liu2021risk,oracle,LA,quote,"z ∗ (c̃) := minw∈S c̃T w is the optimal cost in hindsight. We set the size of the test set to 10000. In all of our experiments, we run 50 independent trials for each setting of parameters.",LiuGrigas2021_RiskBoundsSPO.pdf,9,5 Computational experiments,Paper's own words: the denominator/oracle is the hindsight (realized-cost) optimum -- look-ahead oracle.
liu2021risk,denominator,oracle_cost,equation,"in order to evaluate the performance of each method we compute a “normalized” SPO loss on the test set :: sum_i l_SPO(g(x~_i), c~_i) / sum_i z*(c~_i), with z*(c~) := min_{w in S} c~^T w",LiuGrigas2021_RiskBoundsSPO.pdf,8,5 Computational experiments,Denominator is the sum over the test set of the hindsight-optimal costs.
liu2021risk,denominator,oracle_cost,quote,is the optimal cost in hindsight. We set the size of the test set to 10000.,LiuGrigas2021_RiskBoundsSPO.pdf,9,5 Computational experiments,Preceded by 'z*(c~) := min_{w in S} c~^T w' (symbols mangled by pdftotext): the denominator's oracle is the realized-cost optimum.
liu2021risk,aggregation,ratio_of_sums,equation,"then the normalized SPO loss is defined as :: sum_{i=1}^m l_SPO(g(x~_i), c~_i) / sum_{i=1}^m z*(c~_i)",LiuGrigas2021_RiskBoundsSPO.pdf,8,5 Computational experiments,Sum of losses over sum of hindsight costs.
liu2021risk,noise,mixed,quote,"In our simulations, the relationship between the true cost vector c and its auxiliary feature vector x is given by c = φdeg (Bx) , where φdeg is a polynomial kernel mapping of degree deg, B is a fixed weight matrix, and  is a multiplicative noise term.",LiuGrigas2021_RiskBoundsSPO.pdf,8,5 Computational experiments (portfolio allocation),"Synthetic DGP with multiplicative noise (ϵ dropped by pdftotext); Figures 1-2 (pp. 9-10) have both 'No Noise' and 'Moderate Noise' panels, hence mixed."
liu2021risk,noise,mixed,quote,to 0 for “no noise” instances and 0.5 for “moderate noise” instances,LiuGrigas2021_RiskBoundsSPO_arXivFull.pdf,36,D.4 Data generation processes,"Multiplicative uniform noise on [1-ebar, 1+ebar], E&G-style; the NeurIPS body PDF lacks this appendix. Not in the cloud text tree, so not machine-checked."
liu2021risk,synthetic,yes,quote,further details of the synthetic data generation process are provided in Appendix D.,LiuGrigas2021_RiskBoundsSPO.pdf,8,5 Computational experiments,c = phi_deg(Bx) with multiplicative noise; features standard normal.
liu2021risk,contaminated,yes,quote,"comparably, while the SPO and SPO+ methods dominate in cases with larger values of the degree",LiuGrigas2021_RiskBoundsSPO.pdf,9,5 Computational experiments,"Full sentence: 'for smaller values of the degree parameters, i.e., deg in {1, 2}, all four methods perform comparably, while the SPO and SPO+ methods dominate in cases with larger values of the degree parameters.' A cross-degree (cross-DGP) reading of the normalized look-ahead metric."
liu2021risk,formula_stated,yes,quote,then the normalized SPO loss is defined as,LiuGrigas2021_RiskBoundsSPO.pdf,8,5 Computational experiments,Displayed formula follows.
liu2021risk,setting,theory: risk bounds and calibration for SPO+,quote,"In this paper, we greatly expand upon the consistency results for the SPO+ loss provided by Elmachtoub and Grigas [2021]. We develop risk bounds and uniform calibration results for the SPO+ loss relative to the SPO loss, which provide a quantitative way to transfer the excess surrogate risk to excess true risk.",LiuGrigas2021_RiskBoundsSPO.pdf,1,Abstract,The paper's content is risk bounds / calibration theory for the SPO+ surrogate.
liu2021risk,setting,theory: risk bounds and calibration for SPO+,quote,"Under the conditions of Theorem 2.1, given any x ∈ X , we know that the conditional expectation c̄ = Ec∼P(·|x) [c] is the unique minimizer of the SPO+ risk. Furthermore, since c̄ is also a minimizer of the SPO risk, it holds that the SPO+ loss function is Fisher consistent with respect to the SPO loss function, i.e., minimizing the SPO+ risk also minimizes the SPO risk.",LiuGrigas2021_RiskBoundsSPO.pdf,4,2 Predict-then-optimize framework and preliminaries (after Theorem 2.1),Requested for the paper: conditional expectation is the unique minimizer of SPO+ risk; SPO+ is Fisher consistent w.r.t. SPO.
liu2021risk,setting,has an experimental section (contradicts 'no experimental metric'),quote,"In this section, we present computational results of synthetic dataset experiments wherein we empirically examine the performance of the SPO+ loss function for training prediction models, using portfolio allocation and cost-sensitive multi-class classification problems as our problem classes.",LiuGrigas2021_RiskBoundsSPO.pdf,8,5 Computational experiments,Section 5 exists and reports an experimental regret metric; see notes -- exclusion rule 3 as recorded does not hold.
elmachtoub2022smart,metric_name,normalized SPO loss,quote,"In order to ultimately measure and compare the performance of the four different methods, we compute a “normalized” version of the SPO loss of each of the four previously trained models on an independent test set of size 10, 000.",ElmachtoubGrigas2022_SmartPredictThenOptimize.pdf,26,6. Computational Experiments (preamble),The paper's own name; figures 4-5 are titled 'Normalized SPO Loss vs. Polynomial Degree' (pp. 29-30).
elmachtoub2022smart,metric_name,normalized SPO loss,quote,"As mentioned previously, for each simulation, we evaluate the performance of the trained models by computing the normalized SPO loss on a test set of 10,000 samples.",ElmachtoubGrigas2022_SmartPredictThenOptimize.pdf,28,6.1 Shortest Path Problem (Results),
elmachtoub2022smart,metric_name,normalized SPO loss,quote,"that we naturally normalize by the total optimal cost of the test set given full information, which with high probability will be a positive number for the examples studied herein.",ElmachtoubGrigas2022_SmartPredictThenOptimize.pdf,26,6. Computational Experiments (preamble),Paper calls the oracle the 'full information' optimum.
elmachtoub2022smart,oracle,LA,quote,"After the decision w∗ (ĉ) is implemented, the cost incurred is with respect to the cost vector c that is actually realized. The excess cost due to the fact that w∗ (ĉ) may be suboptimal with respect to c is then cT w∗ (ĉ) − z ∗ (c), which we call the SPO loss.",ElmachtoubGrigas2022_SmartPredictThenOptimize.pdf,10,"2. ""Predict, then Optimize"" Framework / SPO loss",Regret vs. the optimum for the realized cost c: look-ahead oracle.
elmachtoub2022smart,oracle,LA,equation,"the (unambiguous) true SPO loss ℓSPO (ĉ, c) is defined as :: Definition 2: ℓ_SPO(ĉ, c) := max_{w ∈ W*(ĉ)} c^T w − z*(c), where z*(c) = min_{w∈S} c^T w is the optimal value under the realized cost c.",ElmachtoubGrigas2022_SmartPredictThenOptimize.pdf,12,2. Definition 2 (Unambiguous SPO Loss),
elmachtoub2022smart,oracle,LA,quote,"that we naturally normalize by the total optimal cost of the test set given full information, which with high probability will be a positive number for the examples studied herein.",ElmachtoubGrigas2022_SmartPredictThenOptimize.pdf,26,6. Computational Experiments (preamble),"Denominator is the realized-cost ('full information') optimum, confirming the look-ahead oracle."
elmachtoub2022smart,denominator,oracle_cost,equation,"denotes the test set, then we define the normalized :: NormSPOTest(f̂) := Σ_{i=1}^{ntest} ℓ_SPO(f̂(x̃_i), c̃_i) / Σ_{i=1}^{ntest} z*(c̃_i)",ElmachtoubGrigas2022_SmartPredictThenOptimize.pdf,26,6. Computational Experiments (preamble),Denominator = sum over the test set of the full-information optimal objectives z*(c̃_i).
elmachtoub2022smart,denominator,oracle_cost,quote,"that we naturally normalize by the total optimal cost of the test set given full information, which with high probability will be a positive number for the examples studied herein.",ElmachtoubGrigas2022_SmartPredictThenOptimize.pdf,26,6. Computational Experiments (preamble),
elmachtoub2022smart,aggregation,ratio_of_sums,equation,"denotes the test set, then we define the normalized :: NormSPOTest(f̂) := Σ_{i=1}^{ntest} ℓ_SPO(f̂(x̃_i), c̃_i) / Σ_{i=1}^{ntest} z*(c̃_i)",ElmachtoubGrigas2022_SmartPredictThenOptimize.pdf,26,6. Computational Experiments (preamble),"Sum of SPO losses over sum of oracle costs: a single ratio of sums, not a mean of per-instance ratios."
elmachtoub2022smart,noise,yes,quote,"Here, deg is a fixed positive integer parameter and εji is a multiplicative noise term that is generated independently at random from the uniform distribution on [1 − ε̄, 1 + ε̄] for some parameter ε̄ ≥ 0.",ElmachtoubGrigas2022_SmartPredictThenOptimize.pdf,27,6.1 Synthetic Data Generation Process,Multiplicative noise on each cost component.
elmachtoub2022smart,noise,yes,quote,"We vary the training set size n ∈ {100, 1000, 5000}, we vary the parameter deg ∈ {1, 2, 4, 6, 8}, and we vary the noise half-width parameter ε̄ ∈ {0, 0.5}.",ElmachtoubGrigas2022_SmartPredictThenOptimize.pdf,28,6.1 Shortest Path Problem (Results),ε̄ = 0 is a noiseless setting; ε̄ = 0.5 is noisy. See notes: 'mixed' is arguable.
elmachtoub2022smart,noise,yes,quote,"The observed return vector r̃i is set to r̃i := r̄i + Lf + 0.01τ ε, where f ∼ N (0, I4) and ε ∼ N (0, I50 ). The cost vector ci is set to ci := −r̃i .",ElmachtoubGrigas2022_SmartPredictThenOptimize.pdf,46,Appendix D. Experimental Details of Portfolio Optimization Application,"Portfolio experiment: additive Gaussian factor + idiosyncratic noise, τ ∈ {1, 2}, always noisy."
elmachtoub2022smart,synthetic,yes,quote,Synthetic Data Generation Process. Let us now describe the process used for generating the synthetic experimental data instances for both problem classes.,ElmachtoubGrigas2022_SmartPredictThenOptimize.pdf,27,6.1 Synthetic Data Generation Process,"Both experiments (shortest path, portfolio) are synthetic."
elmachtoub2022smart,contaminated,yes,quote,"From Figure 4, we can see that for small values of the deg parameter, i.e., deg ∈ {1, 2}, the absolute loss, least squares, and SPO+ methods perform comparably, with the least squares method slightly dominating in the case of noise with ε̄ = 0.5.",ElmachtoubGrigas2022_SmartPredictThenOptimize.pdf,28,6.1 Shortest Path Problem (Results),Method ranking read across degree regimes.
elmachtoub2022smart,contaminated,yes,quote,"On the other hand, as the parameter deg grows and the degree of model misspecification increases, then the SPO+ approach generally begins to perform best across all instances except when n = 5000, in which case random forests performs comparably to SPO+. This behavior suggests that the SPO+ loss is better than the competitors at leveraging additional data and stronger nonlinear signals.",ElmachtoubGrigas2022_SmartPredictThenOptimize.pdf,28,6.1 Shortest Path Problem (Results),Conclusion drawn from how normalized SPO loss changes with deg and n.
elmachtoub2022smart,contaminated,yes,quote,"Generally we observe similar patterns as in the shortest path experiment, although comparatively larger values of deg are needed to demonstrate the relative superiority of SPO+. In summary across all of our experiments, our results indicate that as long as there is some degree of model misspecification, then SPO+ tends to offer significant value over competing approaches, and this value is further strengthened in cases where more data available.",ElmachtoubGrigas2022_SmartPredictThenOptimize.pdf,30,6.2 Portfolio Optimization,Cross-degree and cross-sample-size reading of the metric (the gap 'is further strengthened' with more data).
elmachtoub2022smart,formula_stated,yes,equation,"denotes the test set, then we define the normalized :: NormSPOTest(f̂) := Σ_{i=1}^{ntest} ℓ_SPO(f̂(x̃_i), c̃_i) / Σ_{i=1}^{ntest} z*(c̃_i)",ElmachtoubGrigas2022_SmartPredictThenOptimize.pdf,26,6. Computational Experiments (preamble),"Both numerator (Definition 2, p. 12) and denominator are written out."
hu2022fast,metric_name,relative regret,quote,"By averaging over 50 replications of D, we estimate relative regret, ED EX [f ∗ (X)> (π̂(X) − π ∗ (X))] /ED EX [f ∗ (X)π ∗ (X)], for each method and each n = 50, 100, . . . , 1000, shown in Fig. 2b with shaded bands for plus/minus one standard error.",HuKallusMao2022_FastRates.pdf,13,5. Experiments,"Also 'Relative Regret' as the y-axis label of Fig. 2b. The unnormalized quantity is called 'Regret' / 'average regret' (Eq. (2), p2)."
hu2022fast,metric_name,relative regret,quote,"(b) The regret of different methods, relative to average minimal",HuKallusMao2022_FastRates.pdf,13,5. Experiments,"Figure 2b caption (sentence continues 'cost. Shaded regions represent 95% confidence intervals.' on the next text line, interleaved with the left-column caption in p013.txt): 'average minimal cost' = E f*(X)^T pi*(X), the true-model optimal policy's expected cost."
hu2022fast,oracle,TM,equation,"this is captured by the contextual linear optimization (CLO) problem, defined as follows: :: Eq. (1): pi*(x) in Z*(x) = argmin_{z in Z} f*(x)^T z,  f*(x) = E[Y | X = x],  Z = {z in R^d : Az <= b}",HuKallusMao2022_FastRates.pdf,1,1. Introduction,"The comparator policy pi* is the optimum under the conditional mean, i.e. the true-model oracle."
hu2022fast,oracle,TM,equation,namely one having low average regret: :: Eq. (2): Regret(pi_hat) = E_D E_X[ f*(X)^T ( pi_hat(X) - pi*(X) ) ],HuKallusMao2022_FastRates.pdf,2,1. Introduction,"Regret is defined with the true conditional-mean cost f*(X), not the realized Y, for both the learned and the comparator policy."
hu2022fast,oracle,TM,quote,"Using a test data set of 10000 draws of just X, we then compute the sample averages of EX [f ∗ (X)π ∗ (X)] and of EX [f ∗ (X)> π̂(X)] for each policy π̂ resulting from one of the 6 methods and for each replication. For any x and f , we compute πf (x) using Gurobi 9.1.1. Recall π ∗ (X) = πf ∗ (X) so that this is also applied to computing π ∗ (X).",HuKallusMao2022_FastRates.pdf,47,E.2. Details for the experiment in Section 5,Confirms the reported number never touches a realized Y: the test set consists of X only and costs are evaluated with f*.
hu2022fast,denominator,oracle_cost,equation,"we estimate relative regret, :: E_D E_X[ f*(X)^T ( pi_hat(X) - pi*(X) ) ]  /  E_D E_X[ f*(X)^T pi*(X) ]   -- f*(x) = E[Y|X=x] the true conditional mean, pi*(x) in argmin_{z in Z} f*(x)^T z; the realized Y never enters (the pdftotext '>' is the transpose symbol)",HuKallusMao2022_FastRates.pdf,13,5. Experiments,"Denominator is the expected cost of the true-model optimal policy pi*, averaged over X (and D)."
hu2022fast,aggregation,ratio_of_sums,equation,"by computing averages over replications, we estimate the relative regret for n and for each method π̂, being :: E_D E_X[ f*(X)^T ( pi_hat(X) - pi*(X) ) ]  /  E_D E_X[ f*(X)^T pi*(X) ]   -- f*(x) = E[Y|X=x] the true conditional mean, pi*(x) in argmin_{z in Z} f*(x)^T z; the realized Y never enters (the pdftotext '>' is the transpose symbol)",HuKallusMao2022_FastRates.pdf,47,E.2. Details for the experiment in Section 5,"Numerator and denominator are each averaged (over 10000 test X and 50 replications of D) before dividing: mean over mean, not a mean of per-instance ratios."
hu2022fast,noise,yes,quote,"is a fixed coefficient matrix, and ∼ Unif[3/4, 5/4]d is a multiplicative noise. Note f ∗ (x) = W φ(x) + 3 is a degree-5 polynomial in x.",HuKallusMao2022_FastRates.pdf,46,E.2. Details for the experiment in Section 5,"Y = diag(eps)(W phi(X) + 3) with eps ~ Unif[3/4,5/4]^d: stochastic Y given X. The 'eps' glyph is dropped by pdftotext ('and  ∼ Unif')."
hu2022fast,noise,yes,quote,"Figure 1 displays results for 500 replications for each of n = 32, 38, 45, . . . , 2048 with σ 2 = 1.",HuKallusMao2022_FastRates.pdf,5,1.2. A Simple Example,"Toy example of Section 1.2 (Figure 1): Y - f*(X) ~ N(0, sigma^2) with sigma^2 = 1 (the defining sentence on p5 is split by an interleaved axis label in p005.txt, so the sigma^2 = 1 sentence is quoted instead); its regret is reported raw (not relative)."
hu2022fast,synthetic,yes,quote,"Data-Generating Process. Here we specify the distribution from which we draw (X, Y ). Recall Y has d = 40 dimensions. We consider covariates X with p = 5 dimensions, with the data generated as follows. We let X ∼ N (0, Ip ) be drawn from the standard multivariate normal distribution.",HuKallusMao2022_FastRates.pdf,46,E.2. Details for the experiment in Section 5,"Both experiments (Section 1.2 toy, Section 5 shortest path) are fully synthetic; no real data anywhere."
hu2022fast,contaminated,yes,quote,"At the same time, we see that such best-in-class performance may sometimes still be bad in an absolute sense. Using more flexible models can sometimes close this gap.",HuKallusMao2022_FastRates.pdf,13,5. Experiments,Reads the magnitude of relative regret ('bad in an absolute sense') and compares across misspecification levels (wrong-linear vs kernel hypothesis classes).
hu2022fast,contaminated,yes,quote,"When using such a flexible model, we observe that ETO achieves regret converging to zero with performance just slightly worse than the correctly-specified case, while end-to-end methods have higher regret.",HuKallusMao2022_FastRates.pdf,13,5. Experiments,Cross-n trend ('converging to zero') and cross-misspecification comparison (kernel vs correctly-specified).
hu2022fast,contaminated,yes,quote,The plot is shown on a log-log scale with linear trend fits. The slope for ETO is −1.02 and for IERM is −0.669.,HuKallusMao2022_FastRates.pdf,5,1.2. A Simple Example,"Section 1.2 / Figure 1: conclusions drawn from regret across training-set size n (convergence-rate slopes). Regret here is raw TM regret, not the relative version."
hu2022fast,contaminated,yes,quote,"The second thing to note is that the slope for ETO is steeper than for IERM, with an apparent rate of convergence of n−1 as compared to n−2/3 .",HuKallusMao2022_FastRates.pdf,5,1.2. A Simple Example,"Rate comparison across n is the paper's central empirical claim. Because the oracle is TM, this cross-regime reading is not confounded by a look-ahead premium; see notes."
hu2022fast,contaminated,no,adjudication,"The paper's cross-regime readings are across sample size n and across hypothesis classes -- same DGP -- and its oracle is the true model, so the premium enters no comparison. Column 2 counts only inferences that the look-ahead premium or a cost-level normalizer can distort.",HuKallusMao2022_FastRates.pdf,,,VG ruling 2026-08-31 (B.11); the reader's 'yes' rows record the comparisons themselves
hu2022fast,formula_stated,yes,equation,"we estimate relative regret, :: E_D E_X[ f*(X)^T ( pi_hat(X) - pi*(X) ) ]  /  E_D E_X[ f*(X)^T pi*(X) ]   -- f*(x) = E[Y|X=x] the true conditional mean, pi*(x) in argmin_{z in Z} f*(x)^T z; the realized Y never enters (the pdftotext '>' is the transpose symbol)",HuKallusMao2022_FastRates.pdf,13,5. Experiments,Written inline as a formula on p13 and again on p47; unnormalized Regret is numbered Eq. (2) on p2.
mandi2022decision,metric_name,percentage regret,quote,"to have lower regret, we consider the percentage regret",Mandi2022_LearningToRank.pdf,7,5.1 Experimental Results,"Continues (next physical lines of the same column, interleaved two-column layout): the fraction (f(v*(ĉ),c) − f(v*(c),c)) / f(v*(c),c), then 'as the evaluation metric.'"
mandi2022decision,metric_name,percentage regret,quote,Table 1. Comparison of regret on three problem sets. We present average percentage regret of 10 runs.,Mandi2022_LearningToRank.pdf,7,5.1 Experimental Results -- Table 1 caption,All Table 1/Table 2/Figure 3 values are percentages.
mandi2022decision,oracle,LA,equation,"Formally, we define regret, without any assumptions on the :: Eq. (3): Regret(ĉ, c) = f(v*(ĉ), c) − f(v*(c), c)",Mandi2022_LearningToRank.pdf,3,3. Problem Statement and Motivation,"v*(c) is the optimum for the realized cost vector c of the instance -> look-ahead oracle. Prose fragment is the sentence introducing Eq. (3): '... structure of f, as'."
mandi2022decision,oracle,LA,quote,"Regret(ĉ, c) = f (v ⋆ (ĉ), c) − f (v ⋆ (c), c).",Mandi2022_LearningToRank.pdf,3,3. Problem Statement and Motivation,"Eq. (3), quoted verbatim as pdftotext renders it."
mandi2022decision,denominator,per_instance,equation,"to have lower regret, we consider the percentage regret :: inline formula, p. 7: (f(v*(ĉ), c) − f(v*(c), c)) / f(v*(c), c)",Mandi2022_LearningToRank.pdf,7,5.1 Experimental Results,"Denominator is f(v*(c), c), the instance's own oracle (true-optimal) objective; the ratio is defined per instance (ĉ, c), then averaged -> per_instance."
mandi2022decision,aggregation,mean_of_ratios,quote,We present average regret on test data of 10 in-,Mandi2022_LearningToRank.pdf,7,5.1 Experimental Results,Continues: 'dependent trials in Table 1.' The averaged quantity is the per-instance percentage regret.
mandi2022decision,aggregation,mean_of_ratios,quote,"In Table 1, we report only the average regret of all the instances over 10 independent trails.",Mandi2022_LearningToRank.pdf,12,Appendix C. Distribution of the regret of the predictions,'average regret of all the instances' with per-instance box-plots in Fig. 5 -> the percentage regret exists per instance and Table 1 is its mean: mean of ratios.
mandi2022decision,aggregation,mean_of_ratios,quote,the distributions of the regret across all the test instances with box-plots for the three problems.,Mandi2022_LearningToRank.pdf,12,Appendix C. Distribution of the regret of the predictions,
mandi2022decision,noise,yes,quote,"is a multiplicative noise that is sampled from U(0.5, 1.5).",Mandi2022_LearningToRank.pdf,6,5 Experiments -- Shortest Path Problems,"Synthetic SPO shortest-path DGP: c_ij = ((1/sqrt(p)) B x_i + 3)^Deg * eps_ij (Eq. (17)) with multiplicative noise eps ~ U(0.5, 1.5); features Gaussian."
mandi2022decision,noise,yes,equation,generate the cost vector as per the following model :: Eq. (17): c_ij = ((1/sqrt(p)) (B x_i) + 3)^Deg * (eps_ij / 1?) -- as typeset: cij = ((1/sqrt p) Bxi + 3)^Deg eps_ji,Mandi2022_LearningToRank.pdf,6,5 Experiments -- Shortest Path Problems,Adopted from Elmachtoub & Grigas (2021) / paulgrigas/SmartPredictThenOptimize.
mandi2022decision,noise,yes,quote,tion and prices. We take the energy price data from Ifrim,Mandi2022_LearningToRank.pdf,6,5 Experiments -- Energy-cost Aware Scheduling,"Caveat on noise=yes: the energy experiments use REAL SEMO price data, and matching uses the real CORA network (p. 7), and both report the same percentage regret -> a literal rubric reading is 'mixed' (real + synthetic). Flagged in notes."
mandi2022decision,noise,yes,quote,"taken from the CORA citation network (Sen et al., 2008).",Mandi2022_LearningToRank.pdf,7,5 Experiments -- Diverse Bipartite Matching,Real-data matching experiment reporting the same metric; supports 'mixed' as the alternative reading.
mandi2022decision,noise,mixed,repository,Same SEMO knapsack data as mulamba2021contrastive (predopt-benchmarks Knapsack/Trainer/Data.npz): targets = price x weight + Gaussian noise.,Mandi2022_LearningToRank.pdf,,,see mulamba2021contrastive repository row
mandi2022decision,synthetic,yes,quote,Shortest Path Problems. We adopt this synthetic experi-,Mandi2022_LearningToRank.pdf,6,5 Experiments -- Shortest Path Problems,Continues: 'ment from Elmachtoub & Grigas (2021).' At least one regret-reporting experiment is synthetic -> synthetic=yes.
mandi2022decision,contaminated,yes,quote,we again see the regret goes up with the degree parameter.,Mandi2022_LearningToRank.pdf,7,5.1 Experimental Results,"Full passage: 'For the shortest path problem, we again see the regret goes up with the degree parameter. This is expected as the degree parameter controls the magnitude of the errors of the linear model.' -- explicit comparison of the metric across the misspecification (Deg) regimes, with a conclusion drawn."
mandi2022decision,contaminated,yes,quote,This is expected as the degree parameter controls the magni-,Mandi2022_LearningToRank.pdf,7,5.1 Experimental Results,Continues: 'tude of the errors of the linear model.'
mandi2022decision,contaminated,yes,quote,"more pronounced in higher degrees, where the linear model",Mandi2022_LearningToRank.pdf,7,5.1 Experimental Results,"Full sentence: 'The difference is more pronounced in higher degrees, where the linear model makes larger error.' -- method gaps read across degree regimes."
mandi2022decision,contaminated,yes,quote,"loss function produces low regret, but their regret jumps up",Mandi2022_LearningToRank.pdf,7,5.1 Experimental Results,Continues: 'at higher degrees.' -- pointwise/pairwise-diff losses' regret compared across degree regimes.
mandi2022decision,formula_stated,yes,equation,"to have lower regret, we consider the percentage regret :: inline formula, p. 7: (f(v*(ĉ), c) − f(v*(c), c)) / f(v*(c), c)",Mandi2022_LearningToRank.pdf,7,5.1 Experimental Results,"Both the regret (Eq. (3), p. 3) and the normalization (p. 7) are written as formulas."
shah2022lodl,metric_name,normalized decision quality (Normalized DQ On Test Data),quote,We use the term decision quality DQ (higher is better) instead of DL because these are all maximization problems.,Shah2022_LODL.pdf,7,5 Experiments,DQ = the decision loss DL of Sec. 2 with the sign flipped. The table column header adds 'Normalized'.
shah2022lodl,metric_name,normalized decision quality (Normalized DQ On Test Data),quote,Normalized DQ On Test Data,Shah2022_LODL.pdf,8,Table 1,Column header of Table 1 (also 'Normalized DQ on Test Data' in Table 2 p.10 and 'Normalized Test DQ' in Table 3 p.16).
shah2022lodl,oracle,LA,equation,"Predictions are evaluated with respect to the decision loss (DL) of the decision that they induce, i.e., the value under the objective function of the optimization under the ground truth parameters y: :: DL(ŷ, y) = f(z*(ŷ), y)  [unnumbered display, directly below the quoted sentence]",Shah2022_LODL.pdf,2,2 Background,Decision loss is the realized objective under the ground-truth parameters y of the test instance.
shah2022lodl,oracle,LA,quote,2. Optimal: The predictions are equal to the true labels y.,Shah2022_LODL.pdf,8,5.1 Results,"The 'Optimal' anchor (normalized DQ = 1) is the decision made with predictions equal to the realized labels y, i.e. f(z*(y), y): the hindsight / look-ahead optimum, not a conditional-mean optimum."
shah2022lodl,denominator,ref_policy_regret,reconstruction,"The paper never writes the normalization. It is pinned by two anchors in Table 1 (p.8): the Random baseline (predictions uniform on [0,1]^dim(y)) is reported as exactly 0 in every domain and the Optimal baseline (predictions = true labels y) as exactly 1 in every domain, while the other methods take values in between and below 0 (e.g. 2-Stage -0.95 in Linear Model, NN -0.11 in Portfolio). The only affine map with these anchors is NDQ(m) = (DQ(m) - DQ(Random)) / (DQ(Optimal) - DQ(Random)) = 1 - Regret(m) / Regret(Random), where Regret(m) = DQ(Optimal) - DQ(m) is the look-ahead regret. The denominator is therefore the regret of the random-prediction reference policy. Negative entries confirm the affine (not clipped) form.",Shah2022_LODL.pdf,8,5.1 Results; Table 1,Anchors quoted in separate rows below.
shah2022lodl,denominator,ref_policy_regret,quote,"1. Random: The predictions are sampled uniformly from [0, 1]dim(y) .",Shah2022_LODL.pdf,8,5.1 Results,Anchor 1: reference policy whose normalized DQ is 0.
shah2022lodl,denominator,ref_policy_regret,quote,2. Optimal: The predictions are equal to the true labels y.,Shah2022_LODL.pdf,8,5.1 Results,Anchor 2: oracle whose normalized DQ is 1.
shah2022lodl,denominator,ref_policy_regret,quote,Random 0 0 0,Shah2022_LODL.pdf,8,Table 1,"Table 1 row (whitespace collapsed): Random = 0 in Linear Model, Web Advertising, Portfolio Optimization."
shah2022lodl,denominator,ref_policy_regret,quote,Optimal 1 1 1,Shah2022_LODL.pdf,8,Table 1,Table 1 row (whitespace collapsed): Optimal = 1 in all three domains.
shah2022lodl,aggregation,unknown,quote,"We ran 100 samples for each (method, domain) pair—we used 10 different random seeds to generate the domain, and for each random seed we trained the LODLs and the predictive model Mθ for 10 random intializations.",Shah2022_LODL.pdf,15,A Extended Experimental Setup / Computation Infrastructure,"The ± in the tables is over these 100 runs. Whether normalized DQ is computed per test instance and averaged, or from test-set mean DQs (ratio of means), is never stated."
shah2022lodl,aggregation,unknown,absence,"Grepped whole-paper text Shah2022_LODL.txt for: normaliz (6 hits: 'normalization factor' p.6 about sampling noise; table headers p.8, p.10, p.16; 'normalized DQ would be 1' p.10 -- none defines the normalization), average/mean (only 'mean squared error'/'mean absolute error'), sum (only in objectives), test (train/val/test split sizes pp.14-15). Read Sec. 5-5.4 (pp.7-10), Appendix A (pp.14-15), Appendix B (pp.15-16) in full. Test-set sizes are given (400 instances Linear Model and Portfolio, 500 matrices Web Advertising, pp.14-15) but the order of normalization and averaging over test instances is never stated.",Shah2022_LODL.pdf,7;8;10;14;15;16,5 Experiments; A Extended Experimental Setup,
shah2022lodl,noise,mixed,quote,"Predict: Given a feature xn ∼ U [0, 1], use a linear model to predict the utility ŷ of resource n, where the true utility is yn = 10x3n − 6.5xn .",Shah2022_LODL.pdf,7,5 Experiments / Linear Model,"Linear Model domain: synthetic and noiseless (y is a deterministic cubic of x); the difficulty is misspecification, not noise."
shah2022lodl,noise,mixed,quote,"To obtain the features xm for each website m, true CTRs ym from the Yahoo! Webscope Dataset [28] are scrambled by multiplying with a random N × N matrix A, i.e., xm = Aym .",Shah2022_LODL.pdf,8,5 Experiments / Web Advertising,"Web Advertising: real labels, but features are a deterministic linear scrambling of the labels, so y is a deterministic function of x -- noiseless in the SCHEMA sense despite the real source data."
shah2022lodl,noise,mixed,quote,"Predict: Given historical data xn about stock n, predict the future stock price yn . We use historical data from 2004 to 2017 for a set of N = 50 stocks from the QuandlWIKI dataset [22].",Shah2022_LODL.pdf,8,5 Experiments / Portfolio Optimization,"Portfolio: real, noisy data (future prices from historical features). One noisy-real + two noiseless domains -> mixed."
shah2022lodl,synthetic,yes,quote,Linear Model This domain involves learning a linear model when the underlying mapping between features and predictions is cubic.,Shah2022_LODL.pdf,7,5 Experiments,"The Linear Model domain is a fully synthetic DGP (x ~ U[0,1], y = 10x^3 - 6.5x) and reports normalized DQ in Table 1 (p.8)."
shah2022lodl,synthetic,yes,quote,"There are 200 (x, y) pairs in each of the training and validation sets, and 400 (x, y) pairs in the test set.",Shah2022_LODL.pdf,14,A Extended Experimental Setup / Linear Model,"Synthetic instances are generated, not sampled from a real dataset."
shah2022lodl,synthetic,no,adjudication,"The column is scoped to the qualifying experiments. LODL's two synthetic domains are noiseless -- the linear model has y a deterministic cubic of x, and web advertising builds features as a deterministic linear scramble x = Ay of real CTRs -- so neither satisfies criterion (iv). The qualifying experiment is the real S&P portfolio, hence synthetic = no.",Shah2022_LODL.pdf,7;8,5 Experiments,"Supersedes the reader's synthetic = yes, which counted the synthetic-but-noiseless linear-model domain. Authors' ruling 2026-08-31."
shah2022lodl,contaminated,yes,quote,"Furthermore, if we extrapolate the line of best fit to where the MAE is 0, i.e., when there is no discrepancy LODL and DL, we find that the trend predicts the normalized DQ would be 1.",Shah2022_LODL.pdf,10,5.4 Correlation between the ‘quality’ of LODL and decision quality,Reads the magnitude of the normalized metric against its anchor: the gap between achieved normalized DQ and 1 is interpreted as the room for improvement attributable to LODL fit (i.e. as attainable headroom). Borderline -- see notes.
shah2022lodl,contaminated,yes,quote,"2. Lack of convexity can cause inconsistent results: While NN does well in the first two domains, it fails catastrophically in the Portfolio Optimization domain.",Shah2022_LODL.pdf,9,5.1 Results,Cross-problem reading of the normalized metric for one method (0.96 / 0.81 vs -0.11). Weaker evidence than the p.10 extrapolation; also readable as a within-domain observation (below Random in portfolio).
shah2022lodl,contaminated,yes,quote,"Table 1 shows the main results. We find that, in all domains, training predictive models with LODL outperforms training them with a task-independent 2-stage loss. Surprisingly, it also outperforms DFL, which has the benefit of handcrafted surrogates, in two of the three.",Shah2022_LODL.pdf,8,5.1 Results,"Counter-evidence: the paper's headline conclusions are within-domain method rankings tallied across domains, which the rubric does NOT count as contamination. Recorded so the second reader can weigh both sides."
shah2022lodl,contaminated,yes,adjudication,DQ = 1 is the look-ahead optimum and is unattainable by any policy when the premium is positive; the p10 extrapolation treats it as attainable (headroom reading).,Shah2022_LODL.pdf,10,5.4,VG ruling 2026-08-31
shah2022lodl,formula_stated,no,absence,"Grepped whole-paper text for: normaliz (6 hits -- p.6 'normalization factor' is the sampling noise scale α; p.8/p.10/p.16 are table headers; p.10 'normalized DQ would be 1' uses the metric -- none defines it), regret (0), percent (0), denominator (0), divid (6, all 'individual' or ref. title 'Divide and learn'), ratio (8, all inside 'exploration'/'iteration'/'configuration'-type words), relative (4, none about the metric). Read Sec. 2 (p.2-3, defines DL(ŷ,y) = f(z*(ŷ),y) only), Sec. 5-5.4 (pp.7-10), Appendix A-B (pp.14-16) in full. The normalization producing 'Normalized DQ' is never written as a formula or described in words; it is fixed only by the Random = 0 and Optimal = 1 anchors in Table 1.",Shah2022_LODL.pdf,2;7;8;10;14;15;16,2 Background; 5 Experiments; Appendix A-B,
silvestri2023score,metric_name,relative post-hoc regret (Rel. PRegret); relative regret (Rel. regret) in Q3/Q4,quote,"For each method, we report the relative post-hoc regret (Rel. PRegret), the relative regret of solutions not requiring recourse actions (Feas. rel. regret), the ratio of solutions that require recourse actions (Infeas. ratio), the MSE, and the number of epochs until convergence.",Silvestri2023_ScoreFunctionDFL.pdf,8,5.1 Q1: Predicting Constraint Parameters,"Tables 1-3 (Q1) report Rel. PRegret; Tables 4-5 (Q3, Q4) report Rel. regret; Figures 2-3 (Q2) report relative post-hoc regret."
silvestri2023score,oracle,LA,equation,"which expresses the suboptimality of z ⋆ (ŷ) (the decisions made on the basis of the predicted parameters ŷ) with respect to the true parameters y: :: Eq. (2): Regret(ŷ, y) = f(z*(ŷ), y) − f(z*(y), y); Eq. (3): PRegret(ŷ, y) = f(z*_corr(ŷ, y), y) − f(z*(y), y) + Pen(z*(ŷ), z*_corr(ŷ, y))",Silvestri2023_ScoreFunctionDFL.pdf,4,3 Problem Setting -- Task losses,"Both the regret and the post-hoc regret are measured against z*(y), the optimum for the realized parameter vector y (look-ahead oracle)."
silvestri2023score,denominator,not_stated,absence,"Protocol: grepped whole-paper text (30 pages, arXiv v3) for 'relative' (23 hits; every hit either names the metric 'relative (post-hoc) regret' / 'Rel. regret' or is unrelated: 'relative weights', 'relatively'), 'normaliz' (2 hits, both 'normalized runtime' in Q2 Figures 2-3), 'divid' (0), 'denominator' (0), 'percent' (0), 'scaled by' (0), 'ratio' (only 'Infeas. ratio' and 'likelihood ratio'). Read in full: Section 3 'Task losses' (p4, Eqs. 2-4), Section 5 intro and 5.1-5.4 (pp7-12), Appendix C (pp20-22), Appendix G 'Additional Results' (pp26-30). The word 'relative' is never defined; no formula for the normalization appears anywhere, so what the (post-hoc) regret is divided by -- and whether the ratio is of sums or of per-instance values -- is unstated.",Silvestri2023_ScoreFunctionDFL.pdf,"4-12, 20-30","Sections 3, 5; Appendices C, G","Supports the current 'denominator = not_stated' and 'formula_stated = no' (regret defined, normalization not) -- arguably 'partial' under the rubric since Eq. (2)/(3) define the regret itself; see notes."
silvestri2023score,aggregation,unknown,absence,"The reported 'Rel. regret' (Table 4) and 'expected relative post-hoc regret' are never defined beyond the name; grep for 'normaliz' (2 hits, both about runtime), 'divid' (0), 'denominator' (0), 'percent' (0). Whether the relative regret is a ratio of sums or a mean of per-instance ratios cannot be determined from the paper.",Silvestri2023_ScoreFunctionDFL.pdf,9;11,6 Experiments,follows from denominator = not_stated
silvestri2023score,noise,yes,quote,again use the data generation process from Elmachtoub & Grigas (2022) to introduce randomness into how features are,Silvestri2023_ScoreFunctionDFL.pdf,11,"6 Experiments -- Q3 (KP-50, unknown item values)",Continues 'mapped to item values.' The E&G polynomial DGP with multiplicative noise; the qualifying experiment.
silvestri2023score,synthetic,yes,quote,We use the 0-1 KP with 50 items with unknown item values. We generate synthetic data by using the same mapping,Silvestri2023_ScoreFunctionDFL.pdf,11,6 Experiments -- Q3,Q3 is fully synthetic.
silvestri2023score,contaminated,yes,quote,"becomes more conservative, reducing the infeasibility ratio, but resulting in a higher relative regret for solutions that do",Silvestri2023_ScoreFunctionDFL.pdf,9,6 Experiments -- Q1 results,"Preceded by 'As rho increases, it': the metric is read across the penalty coefficient rho, a DGP/problem parameter. Also p25 (Appendix F): 'SFGE maintains stable relative regret across different parameter vector sizes' -- a cross-size reading."
silvestri2023score,contaminated,yes,quote,"Results are shown in Figure 15. While SFGE maintains stable relative regret across different parameter vector sizes, its",Silvestri2023_ScoreFunctionDFL.pdf,25,Appendix F,Cross-problem-size comparison of the relative regret.
silvestri2023score,formula_stated,partial,quote,"The aggregated results are reported in Table 4. Looking at the relative regret, we see that SPO performs best, but",Silvestri2023_ScoreFunctionDFL.pdf,11,6 Experiments -- Q3,Regret and post-hoc regret are defined as Eqs. (2)-(3) on p4; the 'relative' version reported here is never defined: partial.
silvestri2023score,setting,targets nonlinear objectives / uncertainty in constraints (rule 1),quote,"This makes the approach broadly applicable, including to problems with nonlinear objectives, uncertainty in the constraints, and two-stage stochastic optimization problems.",Silvestri2023_ScoreFunctionDFL.pdf,1,Abstract (Method),"Scope statement. Research questions Q1 (constraints), Q2 (two-stage), Q4 (quadratic objective) are outside the linear contextual setting; Q3 is NOT -- see next row."
silvestri2023score,setting,Q1: uncertainty in constraints (fractional KP with unknown values AND weights; KP-50 with uncertain weights; WSMC),quote,"In this KP benchmark, both the item values and the item weights are unknown and must be predicted from correlated features. The features are synthetically generated using the procedure described by Hu et al. (2023c).",Silvestri2023_ScoreFunctionDFL.pdf,8,5.1 Q1: Predicting Constraint Parameters -- Linear programs,"Uncertain weights enter the capacity constraint; a recourse action plus penalty rho*v_i*Delta_i is applied, so the reported quantity is a post-hoc regret, not a regret in the Table 1 sense."
silvestri2023score,setting,Q3 IS a linear contextual optimization experiment (FLAG: partially undermines rule-1 exclusion),quote,"We use the 0-1 KP with 50 items with unknown item values. We generate synthetic data by using the same mapping between input features and targets as described in the previous section, along with the same evaluation procedure. We again use the data generation process from Elmachtoub & Grigas (2022) to introduce randomness into how features are mapped to item values.",Silvestri2023_ScoreFunctionDFL.pdf,11,5.3 Q3: Predicting Objective Parameters,"Table 4 (p11) reports 'Rel. regret' for PFL, SFGE, SPO(+), DPO on a 0-1 knapsack with uncertain OBJECTIVE only, noisy Elmachtoub-Grigas DGP. This single experiment satisfies inclusion rules 1-4. Exclusion is defensible only on the ground that the paper's target setting is broader and its headline metric is the post-hoc regret; a careful second reader could put the Q3 row in Table 1."
tang2024pyepo,metric_name,normalized regret,quote,"PyEPO provides evaluation functions to measure model performance, in particular the two metrics mentioned in Section 3.3.1: regret and unambiguous regret. Additionally, we define the normalized (unambiguous) regret by",TangKhalil2024_PyEPO.pdf,23,4.7 Metrics,The library's own name for its default evaluation metric; the code snippet on the same page calls pyepo.metric.regret 'normalized regret'.
tang2024pyepo,metric_name,normalized regret,quote,"The experiments aimed to investigate training time and normalized regret, as defined in Section 4.7, on a test set of size ntest = 1000.",TangKhalil2024_PyEPO.pdf,26,6 Empirical Evaluation for PyEPO Datasets,All Section 6 figures (7-14) plot 'Normalized Regret'.
tang2024pyepo,metric_name,relative regret (Warcraft experiment only),quote,per instance on the test set; the latter is simply the proportion of edges in the “predicted” solution that also appear in the optimal solution.,TangKhalil2024_PyEPO.pdf,35,7 Empirical Evaluation for Image-Based Shortest Path,Section 7 switches to a per-instance 'relative regret' (c^T w*(ĉ) - z*(c)) / z*(c) and 'path accuracy'; see notes.
tang2024pyepo,oracle,LA,quote,The concept of regret (also known as SPO loss [16]) has been introduced to quantify the error in decision-making. It is defined as the gap of the objective value between the true optimal solution w∗ (c) and the optimal solution acquired using the predicted coefficients w∗ (ĉ).,TangKhalil2024_PyEPO.pdf,11,3.3.1 Decision Loss,Compared to the optimal solution under the true (realized) cost c: look-ahead oracle.
tang2024pyepo,oracle,LA,equation,"Formally, it is represented as: :: Eq. (6): L_Regret(ĉ, c) = c^⊺ w*(ĉ) − z*(c)",TangKhalil2024_PyEPO.pdf,11,3.3.1 Decision Loss,z*(c) is the optimal objective for the realized cost vector c.
tang2024pyepo,denominator,oracle_cost,equation,"Additionally, we define the normalized (unambiguous) regret by :: (unnumbered display, Sec. 4.7): Σ_{i=1}^{ntest} L_Regret(ĉ_i, c_i) / Σ_{i=1}^{ntest} |z*(c_i)|",TangKhalil2024_PyEPO.pdf,23,4.7 Metrics,Denominator = sum over the test set of the absolute values of the true optimal objective values z*(c_i).
tang2024pyepo,aggregation,ratio_of_sums,equation,"Additionally, we define the normalized (unambiguous) regret by :: (unnumbered display, Sec. 4.7): Σ_{i=1}^{ntest} L_Regret(ĉ_i, c_i) / Σ_{i=1}^{ntest} |z*(c_i)|",TangKhalil2024_PyEPO.pdf,23,4.7 Metrics,"Sum of regrets over sum of |oracle objectives|: a single ratio, not a mean of per-instance ratios."
tang2024pyepo,noise,yes,quote,"The feature vector xi ∈ Rp follows a standard multivariate Gaussian distribution N (0, Ip ) and the corresponding coefficient ci ∈ Rd comes from a (possibly nonlinear) polynomial function of xi with additional random noise. ϵij ∼ U (1 − ϵ̄, 1 + ϵ̄) is the multiplicative noise term for cij , the j th element of coefficients ci .",TangKhalil2024_PyEPO.pdf,24,5.1 Benchmark Datasets from PyEPO,Multiplicative uniform noise with half-width ϵ̄.
tang2024pyepo,noise,yes,quote,"We compare the performance between two-stage methods, SPO+, PFYL, and DBB between varying training data size n ∈ {100, 1000, 5000}, polynomial degree deg ∈ {1, 2, 4, 6}, and noise half-width ϵ̄ ∈ {0.0, 0.5}.",TangKhalil2024_PyEPO.pdf,27,6.1 Performance Comparison between Different Methods,"ϵ̄ = 0.0 is a noiseless setting, ϵ̄ = 0.5 noisy; the Warcraft dataset (Sec. 5.2/7) is deterministic terrain costs. See notes on 'mixed'."
tang2024pyepo,synthetic,yes,quote,"In general, we generate data sets in a way similar to Elmachtoub and Grigas [16]. The synthetic dataset D includes features x and objective function coefficients c (e.g. D = {(x1 , c1 ), (x2 , c2 ), ..., (xn , cn )}).",TangKhalil2024_PyEPO.pdf,24,5.1 Benchmark Datasets from PyEPO,"Shortest path, knapsack and TSP experiments (Sec. 6) all use this synthetic DGP."
tang2024pyepo,contaminated,yes,quote,"The two-stage linear regression (2-stage LR) performs well at lower polynomial degrees but loses its advantage at higher polynomial degrees. The two-stage random forest (2-stage RF) is robust at high polynomial degrees but requires a large amount of training data. With 5000 data samples, the random forest achieves the best performance in many cases.",TangKhalil2024_PyEPO.pdf,28,6.1 Performance Comparison between Different Methods,Conclusions read across degree and training-set-size regimes.
tang2024pyepo,contaminated,yes,quote,"These methods are comparable to linear regression at low polynomial degrees and depend less on the sample size than a random forest. At high polynomial degrees, SPO+ and PFYL outperform Auto-Sklearn, exposing the limitations of the two-stage approach.",TangKhalil2024_PyEPO.pdf,29,6.1 Performance Comparison between Different Methods,Cross-degree and cross-sample-size comparison of normalized regret.
tang2024pyepo,contaminated,yes,quote,"The left column is for noise-free coefficients (easier), while the right column includes noise.",TangKhalil2024_PyEPO.pdf,28,6.1 Performance Comparison between Different Methods,Reads the noise-free regime as 'easier' from the normalized-regret panels: cross-noise-level comparison.
tang2024pyepo,contaminated,yes,quote,"End-to-end predict-then-optimize with relaxation has excellent potential to improve computation efficiency at a slight degradation in performance, particularly when the true coefficients-generating function is not very nonlinear.",TangKhalil2024_PyEPO.pdf,32,6.3 Exact Method and Relaxation (Finding #3),Conclusion conditioned on polynomial degree regime.
tang2024pyepo,formula_stated,yes,equation,"Additionally, we define the normalized (unambiguous) regret by :: (unnumbered display, Sec. 4.7): Σ_{i=1}^{ntest} L_Regret(ĉ_i, c_i) / Σ_{i=1}^{ntest} |z*(c_i)|",TangKhalil2024_PyEPO.pdf,23,4.7 Metrics,Numerator defined in Eq. (6) p. 11; normalization written out on p. 23.
tang2024cave,metric_name,normalized regret,quote,"In line with Elmachtoub and Grigas [7], we adopt normalized regret, which serves as an adjusted metric that takes into account the scale of the problem, providing a more standardized and comparable measure with n samples:",TangKhalil2024_CaVE.pdf,5,3.2 Metric,Result tables are headed 'Average Test Normalized Regret (%)' (pp. 12-14).
tang2024cave,metric_name,normalized regret,quote,"Each table contains two sub-tables: (a) reports the normalized regret metric defined in Section 3.2 on 1,000 test instances and (b) reports the training time in seconds; both quantities are averages over 5 random seeds for CVRP20 and 10 random seeds for others with standard deviation, while the experiments for CVRP30 is not repeated due to running time.",TangKhalil2024_CaVE.pdf,12,6.2 Results,
tang2024cave,oracle,LA,quote,"To measure the quality of the decision, regret is introduced by Elmachtoub and Grigas [7], which is defined as the absolute gap between the objective value of the solution w∗ (ĉ) obtained using the predicted coefficients ĉ, and the optimal value of the solution w∗ (c) obtained using the actual coefficients c.",TangKhalil2024_CaVE.pdf,4,3.2 Metric,Compared with the optimum for the actual (realized) cost c: look-ahead oracle.
tang2024cave,oracle,LA,equation,"It is expressed in the following equation: :: Eq. (2): L_Regret(ĉ, c) = c^⊺ ( w*(ĉ) − w*(c) )",TangKhalil2024_CaVE.pdf,4,3.2 Metric,pdftotext drops the parentheses; the PDF shows c^T(w*(ĉ) − w*(c)).
tang2024cave,oracle,LA,quote,"The regret is best understood as follows: If a method records a test regret of 0.07 for example, it means that it produces solutions that are 7% worse than the true optimal solutions under the true but unknown cost vectors.",TangKhalil2024_CaVE.pdf,5,3.2 Metric,'true optimal solutions under the true but unknown cost vectors' = realized-cost optimum.
tang2024cave,denominator,oracle_cost,equation,"providing a more standardized and comparable measure with n samples: :: Eq. (3): Σ_{i=1}^{n} L_Regret(ĉ_i, c_i) / Σ_{i=1}^{n} |c_i^⊺ w_i*(c_i)|",TangKhalil2024_CaVE.pdf,5,3.2 Metric,"Denominator = sum over the test set of |true optimal objective value|, same as the PyEPO default."
tang2024cave,aggregation,ratio_of_sums,equation,"providing a more standardized and comparable measure with n samples: :: Eq. (3): Σ_{i=1}^{n} L_Regret(ĉ_i, c_i) / Σ_{i=1}^{n} |c_i^⊺ w_i*(c_i)|",TangKhalil2024_CaVE.pdf,5,3.2 Metric,Sum of regrets over sum of |oracle objectives|; tables then average this ratio over random seeds.
tang2024cave,noise,yes,quote,"where feature size is 5, B follows a Bernoulli distribution, ϵij is random noise uniformly distributed between 0.5 and 1.5, and deg is the polynomial degree of feature mapping.",TangKhalil2024_CaVE.pdf,10,5 Benchmark Datasets (Shortest Path),"Multiplicative U(0.5, 1.5) noise, i.e. half-width ϵ̄ = 0.5 in PyEPO's parametrization; no noiseless setting is run."
tang2024cave,noise,yes,quote,"Each feature vector x adheres to a standard Gaussian distribution, and the associated cost vector c is derived from a polynomial function of x, with added random noise.",TangKhalil2024_CaVE.pdf,10,5 Benchmark Datasets,
tang2024cave,synthetic,yes,quote,"We utilized synthetic datasets [28] for our experiments. The synthetic dataset, denoted as D, comprises feature vectors x and the corresponding cost coefficients c.",TangKhalil2024_CaVE.pdf,10,5 Benchmark Datasets,"[28] is PyEPO. All experiments (SP5, TSP20/50, CVRP20/30) are synthetic."
tang2024cave,contaminated,yes,quote,"Each sub-table has two rows, one corresponding to datasets that use a degree-4 polynomial in the (unknown) mapping from instance features to cost coefficients, and the other for a degree-6 polynomial; we refer to Section 5 for details on the role of the polynomial in the function that we are attempting to learn, but note that the higher the degree the more difficult the learning task.",TangKhalil2024_CaVE.pdf,12,6.2 Results,Reads difficulty across degree regimes; tables place Deg 4 / Deg 6 normalized regret side by side.
tang2024cave,contaminated,yes,quote,"Shortest Path. This is the easiest BLP (in fact, LP) we will look at. It serves as a sanity check for any new method in this space.",TangKhalil2024_CaVE.pdf,12,6.2 Results,Cross-problem difficulty framing; compare with TSP50 regrets of 28-52% for 2-Stage vs 8-12% for SP5.
tang2024cave,contaminated,yes,quote,"The regret is best understood as follows: If a method records a test regret of 0.07 for example, it means that it produces solutions that are 7% worse than the true optimal solutions under the true but unknown cost vectors.",TangKhalil2024_CaVE.pdf,5,3.2 Metric,Reads the magnitude of the normalized metric as distance from the true optimum (headroom interpretation).
tang2024cave,contaminated,yes,quote,"All CaVE variants achieve test regrets of 9-12% compared to the 2-Stage method’s far higher 20%, while requiring only 2-6 minutes of training each.",TangKhalil2024_CaVE.pdf,14,6.2 Results (CVRP),Magnitudes of normalized regret read as absolute quality levels for the hardest problem (CVRP30).
tang2024cave,formula_stated,yes,equation,"providing a more standardized and comparable measure with n samples: :: Eq. (3): Σ_{i=1}^{n} L_Regret(ĉ_i, c_i) / Σ_{i=1}^{n} |c_i^⊺ w_i*(c_i)|",TangKhalil2024_CaVE.pdf,5,3.2 Metric,"Both regret (Eq. 2, p. 4) and normalization (Eq. 3, p. 5) are written as formulas."
mandi2024decision,metric_name,relative regret,quote,Unless otherwise mentioned the comparative evaluation is made based on relative regret on the test dataset. The relative regret is defined as follows:,Mandi2024_JAIRSurveyBenchmark.pdf,46,5.2 Experimental Results and Analysis -- Evaluation metric,Printed JAIR page 1668. Figure captions throughout Sec. 5.2 read 'The boxplots show the distributions of relative regrets.'
mandi2024decision,metric_name,"regret (raw task loss, Sec. 2)",quote,"In such cases, a salient notion of task loss is the regret, defined as the difference between the full-information optimal objective value and the objective value realized by the prescriptive decision.",Mandi2024_JAIRSurveyBenchmark.pdf,6,2 Problem Statement -- Decision-focused learning (DFL),"Raw regret is the task loss of Eq. (3); the reported experimental metric is its relative form, Eq. (50)."
mandi2024decision,oracle,LA,quote,"Often, the end goal is to generate predictions ĉ with an optimal solution x⋆ (ĉ) whose objective value in practice (i.e., f (x⋆ (ĉ), c)) comes close to the full-information optimal value f (x⋆ (c), c). In such cases, a salient notion of task loss is the regret, defined as the difference between the full-information optimal objective value and the objective value realized by the prescriptive decision.",Mandi2024_JAIRSurveyBenchmark.pdf,6,2 Problem Statement -- Decision-focused learning (DFL),Oracle is the 'full-information' optimum under the ground-truth (realized) parameters c.
mandi2024decision,oracle,LA,equation,"Equivalently, it is the magnitude of suboptimality of the decision x⋆ (ĉ) with respect to the optimal solution x⋆ (c) under ground-truth parameters c: :: Eq. (3): Regret(x*(ĉ), c) = f(x*(ĉ), c) − f(x*(c), c)",Mandi2024_JAIRSurveyBenchmark.pdf,6,2 Problem Statement -- Decision-focused learning (DFL),
mandi2024decision,oracle,LA,equation,The relative regret is defined as follows: :: Eq. (50): (1/N_test) Σ_{i=1}^{N_test} c_i^⊤ ( x*(ĉ_i) − x*(c_i) ) / ( c_i^⊤ x*(c_i) ),Mandi2024_JAIRSurveyBenchmark.pdf,46,5.2 Experimental Results and Analysis -- Evaluation metric,"Each term compares against x*(c_i), the optimum for the realized cost of test instance i."
mandi2024decision,denominator,per_instance,equation,The relative regret is defined as follows: :: Eq. (50): (1/N_test) Σ_{i=1}^{N_test} c_i^⊤ ( x*(ĉ_i) − x*(c_i) ) / ( c_i^⊤ x*(c_i) ),Mandi2024_JAIRSurveyBenchmark.pdf,46,5.2 Experimental Results and Analysis -- Evaluation metric,Each instance's regret is divided by that instance's own oracle cost c_i^T x*(c_i) before averaging.
mandi2024decision,denominator,per_instance,quote,"In this problem, in some problem instances, all the return values are negative, which makes a portfolio with zero return to be the optimal portfolio. In such cases, relative regret turns infinite as the denominator is zero in Eq. (50). Hence, for this problem set, the absolute regret instead of relative regret is reported in Figure 6.",Mandi2024_JAIRSurveyBenchmark.pdf,48,5.2 -- Portfolio optimization problem,Confirms a per-instance denominator (a single zero-cost instance blows up the metric); portfolio experiment falls back to absolute regret.
mandi2024decision,aggregation,mean_of_ratios,equation,The relative regret is defined as follows: :: Eq. (50): (1/N_test) Σ_{i=1}^{N_test} c_i^⊤ ( x*(ĉ_i) − x*(c_i) ) / ( c_i^⊤ x*(c_i) ),Mandi2024_JAIRSurveyBenchmark.pdf,46,5.2 Experimental Results and Analysis -- Evaluation metric,Mean over test instances of per-instance ratios (1/N_test in front of the sum of ratios).
mandi2024decision,noise,yes,quote,"Finally, ξij is a multiplicative noise term sampled randomly from the uniform distribution [1 − ϑ, 1 + ϑ]. The experimental evaluation involves five values of the parameter Deg, which are 1, 2, 4, 6 and 8, and the noise-halfwidth parameter ϑ being 0.5.",Mandi2024_JAIRSurveyBenchmark.pdf,39,5.1.1 Shortest Path Problem -- Synthetic data generation process,"Synthetic shortest path: multiplicative noise, ϑ = 0.5 throughout. See notes on 'mixed' (the benchmark also has real-data problems)."
mandi2024decision,noise,yes,quote,"The energy price dataset comes from the Irish Single Electricity Market Operator (SEMO) (Ifrim, O’Sullivan, & Simonis, 2012). This dataset consists of historical energy price data at 30-minute intervals starting from midnight on the 1st of November, 2011 until the 31st of December, 2013.",Mandi2024_JAIRSurveyBenchmark.pdf,42,5.1.4 Energy-Cost Aware Scheduling Problem -- Data description,"Real-data problems (scheduling, knapsack, bipartite matching, Warcraft) sit alongside the synthetic ones; recorded so the 'yes' vs 'mixed' call is checkable."
mandi2024decision,noise,mixed,repository,Knapsack/Trainer/Data.npz in the paper's own benchmark repository: targets = price x weight + Gaussian noise (see mulamba2021contrastive repository row).,Mandi2024_JAIRSurveyBenchmark.pdf,,,
mandi2024decision,synthetic,yes,quote,"Synthetic data generation process. In this problem, the prediction task is to predict the cost vector c from the feature vector z. The feature and cost vectors are generated according to the data generation process defined by Elmachtoub and Grigas (2022).",Mandi2024_JAIRSurveyBenchmark.pdf,39,5.1.1 Shortest Path Problem,Shortest path and portfolio (Sec. 5.1.2) are synthetic; both report regret.
mandi2024decision,contaminated,yes,quote,"For Deg 1, the linear predictive model perfectly captures the data generation process. Consequently, the PF approach is very accurate and it results in the lowest regret. SPO has slightly higher regret than the PF approach. All the other DFL techniques have considerably higher regrets compared to PF. In contrast, the relative regret worsens for the PF approach, as the value of Deg parameter is increased. For Deg 8, PF is not the best as the predictive model is misspecified.",Mandi2024_JAIRSurveyBenchmark.pdf,48,5.2 -- Shortest path problem on a 5 × 5 grid,Reads relative regret across degree regimes ('worsens ... as the value of Deg parameter is increased').
mandi2024decision,contaminated,yes,quote,Figure 5: Comparative evaluations on the synthetic shortest path problem with noise-halfwidth parameter ϑ = 0.5. The boxplots show the distributions of relative regrets.,Mandi2024_JAIRSurveyBenchmark.pdf,47,5.2 -- Figure 5,Figure 5 places panel (a) Deg = 1 and panel (b) Deg = 8 side by side on the same metric.
mandi2024decision,contaminated,yes,quote,"The higher the value of Deg, the more the true relation between the features and objective parameters deviates from a linear one and the larger the prediction errors will be.",Mandi2024_JAIRSurveyBenchmark.pdf,39,5.1.1 Shortest Path Problem -- Synthetic data generation process,Degree framed as difficulty; the results section then compares regret across degrees.
mandi2024decision,contaminated,yes,quote,Firstly note that relative regrets of all the techniques are very high (higher than,Mandi2024_JAIRSurveyBenchmark.pdf,51,5.2 -- Diverse bipartite matching problem,Continues on p. 52: '80%) for all three instances.' Reads the magnitude of relative regret as a level of (poor) decision quality.
mandi2024decision,formula_stated,yes,equation,The relative regret is defined as follows: :: Eq. (50): (1/N_test) Σ_{i=1}^{N_test} c_i^⊤ ( x*(ĉ_i) − x*(c_i) ) / ( c_i^⊤ x*(c_i) ),Mandi2024_JAIRSurveyBenchmark.pdf,46,5.2 Experimental Results and Analysis -- Evaluation metric,"Reported metric written out in full, with numerator (Eq. 3, p. 6) and denominator."
schutte2024robust,metric_name,mean normalized empirical regret (%),quote,Figure 3: Test set mean normalized empirical regret in % (y-axes) on 3 experimental problems with different noise (ϵ̄) and training size (t),Schutte2024_RobustLosses.pdf,7,Figure 3 caption,Only place the reported metric is named; y-axes of Fig. 3 are in %.
schutte2024robust,metric_name,mean normalized empirical regret (%),quote,average test–sample regret is improved without additional,Schutte2024_RobustLosses.pdf,1,1 Introduction (contribution 3),Abstract/introduction call it 'test-sample empirical regret' / 'average test-sample regret'.
schutte2024robust,oracle,LA,equation,"introduce a loss function based on the notion of regret, i.e., the :: Eq. (2): l_emp(ĉ, c) = c^T x*(ĉ) − c^T x*(c), where ĉ = f_θ(z) and x*(c) = argmin_{x∈X} c^T x",Schutte2024_RobustLosses.pdf,2,2 Problem Formulation,"Empirical regret is against x*(c), the optimum for the realized cost c of the (z,c) pair: look-ahead oracle. The paper separately defines an expected-regret (true-model, conditional-mean) loss l_E in Eq. (3) but reports the empirical one (Fig. 3: 'empirical regret')."
schutte2024robust,oracle,LA,quote,"to this as empirical regret, as it is the regret in an empirical",Schutte2024_RobustLosses.pdf,2,2 Problem Formulation,"Continues '... realization of (z, c).' on the next (two-column interleaved) line."
schutte2024robust,oracle,LA,equation,"minimal expected regret loss defined as: :: Eq. (3): l_E(ĉ, C_z) = E_{c∼C_z}[c|z]^T x*(ĉ) − min_{x∈X} E_{c∼C_z}[c^T x|z]",Schutte2024_RobustLosses.pdf,2,2 Problem Formulation,The TM-oracle regret is defined as the target quantity but is NOT what is reported; recorded to document that the paper knows both oracles and reports LA.
schutte2024robust,denominator,not_stated,absence,"Grepped whole-paper text Schutte2024_RobustLosses.txt for: normaliz (1 hit: the Figure 3 caption p.7 'Test set mean normalized empirical regret in %'), regret (51 hits; every definitional one is the unnormalized empirical regret Eq. (2) p.2, the expected regret Eq. (3) p.2, or the loss functions of Sec. 3 pp.3-5), percent (4: p.4 RO uncertainty-set 'percentage deviation' x2, p.5 'a certain percentage from the optimal objective' about an alternative top-k criterion, none about the metric), relative (5: computational-time and gradient statements, none about the metric), divid (1: 'individual coefficient percentage deviation' p.4), ratio (7: all inside 'exploration'/'iteration'/'realization'), denominator (0), '%' (Fig. 3 caption only). Read Sec. 2 (p.2), Sec. 4-4.1 (pp.6-7), Sec. 6 (p.7) in full and the Figure 3 caption. The paper defines empirical regret as an unnormalized difference (Eq. 2) and then reports a 'normalized' regret in % without ever saying what it is divided by. The appendix with the results table ('The results are shown as a table in the Appendix', p.7) is not in the 8-page IJCAI PDF.",Schutte2024_RobustLosses.pdf,1;2;6;7,2 Problem Formulation; 4 Experimental Evaluation; Figure 3,
schutte2024robust,denominator,not_stated,inference,models. We use Python-based open-source package PyEPO,Schutte2024_RobustLosses.pdf,6,4 Experimental Evaluation,"Supplementary, not the basis of the label: the sentence continues '[Tang and Khalil, 2022] for the data generation of two experimental problems and the training, where the robust losses are implemented on top of the existing code.' If evaluation also uses PyEPO's regret utility, the default is sum of regrets / sum of |c^T x*(c)| over the test set (ratio of sums, oracle-cost denominator). The paper does not say so, hence not_stated stands."
schutte2024robust,aggregation,unknown,quote,Figure 3: Test set mean normalized empirical regret in % (y-axes) on 3 experimental problems with different noise (ϵ̄) and training size (t),Schutte2024_RobustLosses.pdf,7,Figure 3 caption,"'mean' is the only aggregation word; whether it is a mean over the 20 generated datasets, over test instances, or a mean of per-instance ratios is not stated."
schutte2024robust,aggregation,unknown,quote,"a random process, we run 20 generated datasets to be able to",Schutte2024_RobustLosses.pdf,6,4 Experimental Evaluation,"Continues 'measure significance.' Error bars in Fig. 3 are 'one in-sample standard deviation on both sides of the mean' (p.7), suggesting the mean is over the 20 datasets; the within-dataset test-set aggregation (1000 test instances) is never described."
schutte2024robust,aggregation,unknown,absence,"Grepped whole-paper text for: mean (hits are 'mean squared error', 'conditional mean', 'mean estimator', k-NN 'arithmetic mean' pp.1-5; the only metric-related hits are 'Test set mean normalized empirical regret' and 'standard deviation on both sides of the mean' in the Fig. 3 caption p.7), average (2: 'average over the empirical regret of k nearest neighbours' p.5 about the loss; 'average test-sample regret' p.1), sum (0 relevant). Read Sec. 4-4.1 and the Fig. 3 caption in full. No statement of how per-instance regrets are combined before or after normalization.",Schutte2024_RobustLosses.pdf,1;5;6;7,4 Experimental Evaluation; Figure 3,
schutte2024robust,noise,mixed,quote,"ϵ̄ ∈ {0, 0.5, 1} that multiply the generated objective coef-",Schutte2024_RobustLosses.pdf,6,4 Experimental Evaluation / Shortest path & travelling salesperson,"Preceded by 'We look at different noise half-width values' and followed by 'ficients by ϵ ∼ U(1 − ϵ̄, 1 + ϵ̄)'. Synthetic PyEPO DGP with multiplicative noise; the ϵ̄ = 0 setting is noiseless."
schutte2024robust,noise,mixed,quote,eter fixed at 6. We look at different noise half-width values,Schutte2024_RobustLosses.pdf,6,4 Experimental Evaluation / Shortest path & travelling salesperson,Polynomial degree fixed at 6; noise half-width varied.
schutte2024robust,noise,mixed,quote,The dataset consist of 789 days of historical energy,Schutte2024_RobustLosses.pdf,6,4 Experimental Evaluation / Energy-cost aware scheduling,"Third problem uses REAL energy-price data (Ifrim et al., 2012) -- continues 'price data at 30-minute intervals from 2011-2013'. Strictly this makes the paper mixed real+synthetic; see notes."
schutte2024robust,noise,mixed,quote,in problem formulation (1). We also add noise to the data and,Schutte2024_RobustLosses.pdf,6,4 Experimental Evaluation / Energy-cost aware scheduling,Noise is also added to the real energy data.
schutte2024robust,synthetic,yes,quote,"ited. For both problems data is generated as in PyEPO, with",Schutte2024_RobustLosses.pdf,6,4 Experimental Evaluation / Shortest path & travelling salesperson,"Shortest path and TSP data are synthetic (PyEPO generator, feature size 5, degree 6); both report normalized regret in Fig. 3."
schutte2024robust,contaminated,yes,quote,These results confirm our hypothesis that both more aleatoric,Schutte2024_RobustLosses.pdf,6,4.1 Results,Continues 'and epistemic uncertainty lead to better performance of the robust losses.' -- a conclusion drawn by comparing the metric across noise levels ϵ̄ (aleatoric) and training sizes t (epistemic).
schutte2024robust,contaminated,yes,quote,and epistemic uncertainty lead to better performance of the,Schutte2024_RobustLosses.pdf,6,4.1 Results,Second line of the same sentence (two-column interleaving splits it).
schutte2024robust,contaminated,yes,quote,out of which 3 are on the shortest path problem with ϵ̄ = 0.0.,Schutte2024_RobustLosses.pdf,6,4.1 Results,Cross-noise-level reading: the significantly-worse cases are attributed to the noiseless regime.
schutte2024robust,contaminated,yes,quote,"regret, especially with little or noisy data, without inflating",Schutte2024_RobustLosses.pdf,7,6 Conclusion,"Conclusion restates the cross-regime finding: 'Experimental results show improved test-sample empirical regret, especially with little or noisy data'."
schutte2024robust,contaminated,yes,quote,uncertainty. In all cases a validation and test set of size 100,Schutte2024_RobustLosses.pdf,6,4 Experimental Evaluation,Context: 'We consider these parameter values to mimic different levels of aleatoric and epistemic uncertainty.' -- the regimes are set up explicitly to be compared.
schutte2024robust,formula_stated,partial,equation,"introduce a loss function based on the notion of regret, i.e., the :: Eq. (2): l_emp(ĉ, c) = c^T x*(ĉ) − c^T x*(c)",Schutte2024_RobustLosses.pdf,2,2 Problem Formulation,The regret is written as a formula; the normalization and aggregation that turn it into 'mean normalized empirical regret in %' are never written. Rubric: partial = defines the regret but not the normalization. audit.csv says 'no' -- see notes.
schutte2024robust,formula_stated,partial,absence,"Grepped whole-paper text Schutte2024_RobustLosses.txt for: normaliz (1 hit: the Figure 3 caption p.7 'Test set mean normalized empirical regret in %'), regret (51 hits; every definitional one is the unnormalized empirical regret Eq. (2) p.2, the expected regret Eq. (3) p.2, or the loss functions of Sec. 3 pp.3-5), percent (4: p.4 RO uncertainty-set 'percentage deviation' x2, p.5 'a certain percentage from the optimal objective' about an alternative top-k criterion, none about the metric), relative (5: computational-time and gradient statements, none about the metric), divid (1: 'individual coefficient percentage deviation' p.4), ratio (7: all inside 'exploration'/'iteration'/'realization'), denominator (0), '%' (Fig. 3 caption only). Read Sec. 2 (p.2), Sec. 4-4.1 (pp.6-7), Sec. 6 (p.7) in full and the Figure 3 caption. The paper defines empirical regret as an unnormalized difference (Eq. 2) and then reports a 'normalized' regret in % without ever saying what it is divided by. The appendix with the results table ('The results are shown as a table in the Appendix', p.7) is not in the 8-page IJCAI PDF.",Schutte2024_RobustLosses.pdf,2;6;7,2 Problem Formulation; 4 Experimental Evaluation; Figure 3,
gupta2024directional,metric_name,normalized excess regret,quote,"Our metric of interest is the normalized excess regret (E Y ⊤ (π ∗ (X) − π̂(X)) /E Y ⊤ π ∗ (X) ), where we have normalized by the optimum policy (c.f. Problem (1)) for interpretability.",GuptaHuang2024_DirectionalGradients.pdf,8,4 Numerical Experiments,"Figure axes are labelled 'Normalized Excess Regret'; the running text (p8-9, p14) also calls the same quantity 'relative regret'. Bracket glyphs around the expectations are dropped by pdftotext."
gupta2024directional,metric_name,relative regret,quote,"Results. Figure 1 plots the relative regret for m = 0 and α = 1, that is, the most misspecified setting with the most asymmetric noise ϵ.",GuptaHuang2024_DirectionalGradients.pdf,8,4.1 Simple Misspecification Experiment,Second name used for the same metric.
gupta2024directional,oracle,TM,equation,"We study the contextual optimization problem :: Eq. (1): pi*(X) in argmin_{z in Z} f*(X)^T z,  f*(X) = E[Y | X]",GuptaHuang2024_DirectionalGradients.pdf,1,1 Introduction,pi* is the conditional-mean (true-model) optimal policy; the metric on p8 explicitly points to Problem (1) for pi*.
gupta2024directional,oracle,TM,equation,"where we have normalized by the optimum policy (c.f. Problem (1)) for interpretability. :: E[ Y^T ( pi*(X) - pi_hat(X) ) ]  /  E[ Y^T pi*(X) ]   with pi*(X) in argmin_{z in Z} f*(X)^T z, f*(X) = E[Y|X] (Problem (1)); the comparator is the true-model policy, and since pi* and pi_hat depend on X only, E[Y^T pi(X)] = E[f*(X)^T pi(X)]",GuptaHuang2024_DirectionalGradients.pdf,8,4 Numerical Experiments,"Numerator written with the realized Y but the comparator pi*(X) is the Problem-(1) true-model policy, not the hindsight argmin of Y^T z; by the tower property this equals the TM regret E[f*(X)^T(pi*(X) - pi_hat(X))]."
gupta2024directional,denominator,oracle_cost,equation,"Our metric of interest is the normalized excess regret :: E[ Y^T ( pi*(X) - pi_hat(X) ) ]  /  E[ Y^T pi*(X) ]   with pi*(X) in argmin_{z in Z} f*(X)^T z, f*(X) = E[Y|X] (Problem (1)); the comparator is the true-model policy, and since pi* and pi_hat depend on X only, E[Y^T pi(X)] = E[f*(X)^T pi(X)]",GuptaHuang2024_DirectionalGradients.pdf,8,4 Numerical Experiments,Denominator is the expected cost of the true-model optimal policy.
gupta2024directional,denominator,oracle_cost,quote,Figure 3: (SPO+ Comparisons) The left figure plots the excess regret normalized by the optimal policy’s performance as we vary m for n = 80 and α = 1.,GuptaHuang2024_DirectionalGradients.pdf,8,4.1 Simple Misspecification Experiment,Caption restates the normalization: optimal policy's performance (Fig 1 and Fig 5 captions use the same phrase).
gupta2024directional,aggregation,ratio_of_sums,equation,"To compute the expected regret, we generated a test set of 10000 samples and use it to estimate the relative regret described in Section 4. :: E[ Y^T ( pi*(X) - pi_hat(X) ) ]  /  E[ Y^T pi*(X) ]   with pi*(X) in argmin_{z in Z} f*(X)^T z, f*(X) = E[Y|X] (Problem (1)); the comparator is the true-model policy, and since pi* and pi_hat depend on X only, E[Y^T pi(X)] = E[f*(X)^T pi(X)]",GuptaHuang2024_DirectionalGradients.pdf,14,C Implementation Details,"The metric is a ratio of two expectations, estimated on a 10000-sample test set; the natural estimator is mean-over-mean. The paper does not spell out the estimator further (see notes)."
gupta2024directional,noise,yes,quote,"We generate synthetic data as Y = f ∗ (X) + ϵα . We define ϵα = α (ζ − 0.5) + 1 − α γ where α ∈ [0, 1], ζ is an exponential random variable with mean 0.5, and γ ∼ N (0, 0.25). By construction ϵ is mean-zero noise with variance 0.25.",GuptaHuang2024_DirectionalGradients.pdf,8,4.1 Simple Misspecification Experiment,"Additive mean-zero noise of variance 0.25, with asymmetry alpha itself varied. Square-root signs are dropped by pdftotext."
gupta2024directional,noise,yes,quote,"We consider two different data generation mechanisms: i) Multiplicative noise, i.e., Yj = fj∗ (X)(1 + ϵj ) where ϵj are i.i.d Unif[−.3, .3]. This choice closely mirrors the original experiment of [7]. ii) Additive Gaussian noise, i.e., Yj = fj∗ (X) + εj where εj ∼ N (0, 0.32 ).",GuptaHuang2024_DirectionalGradients.pdf,9,4.2 Shortest Path Experiments,"Shortest-path experiments: multiplicative Unif[-0.3,0.3] or additive N(0, 0.3^2) noise."
gupta2024directional,noise,mixed,quote,"We study the same portfolio optimization problem as [7, 28, 34] but use real data, specifically the 12 Fama French Industry Sector Portfolios from the Fama French Library [9].",GuptaHuang2024_DirectionalGradients.pdf,10,4.3 Portfolio Experiment,"Section 4.3 reports normalized excess regret on (semi-synthetic) real return data: Y = r_t real, X = r_{t-1} + N(0, 0.5 Sigma). Strictly this makes noise 'mixed'; audit row says 'yes'. See notes."
gupta2024directional,synthetic,yes,quote,We generate synthetic data as Y = f ∗ (X) + ϵα .,GuptaHuang2024_DirectionalGradients.pdf,8,4.1 Simple Misspecification Experiment,Sections 4.1 and 4.2 are fully synthetic and report the metric.
gupta2024directional,contaminated,yes,quote,"On the other hand, as the degree of misspecification grows, decision-aware methods have an advantage. However, we see that SPO+ is nearly as susceptible as to misspecification as decision-blind approaches since the relative regret also increases rapidly. By contrast, the relative regret for our PG losses increases more slowly.",GuptaHuang2024_DirectionalGradients.pdf,9,4.1 Simple Misspecification Experiment,Conclusion drawn from the metric's trend across misspecification level m (Fig 3 left).
gupta2024directional,contaminated,yes,quote,"As the noise becomes less symmetric, the performance of SPO+ degrades. Even when the assumption is satisfied (α = 0), we see SPO+ is still significantly impacted by misspecification. By contrast, the PG losses perform similarly as the shape of the noise varies.",GuptaHuang2024_DirectionalGradients.pdf,9,4.1 Simple Misspecification Experiment,Conclusion drawn from the metric across noise-asymmetry level alpha (Fig 3 right).
gupta2024directional,contaminated,yes,quote,"In our experiments, even for n = 20 the relative regret was less than 0.6% across all methods.",GuptaHuang2024_DirectionalGradients.pdf,8,4.1 Simple Misspecification Experiment,Magnitude of the normalized metric read as 'low regret' in the well-specified regime; also compared across n.
gupta2024directional,contaminated,yes,quote,"As one can see in Fig. 5, because of the low signal-to-noise ratio, all methods induce significant regret to the optimum, but both PGB and PGC are notably stronger.",GuptaHuang2024_DirectionalGradients.pdf,10,4.3 Portfolio Experiment,Magnitude reading (50-70% normalized excess regret) attributed to the problem's signal-to-noise ratio.
gupta2024directional,contaminated,no,adjudication,"True-model oracle: cross-degree comparisons of normalized True-Model Regret are premium-free (they remain exposed to the shift-invariance critique of Sec. 3, which the paper concedes for its own prior work).",GuptaHuang2024_DirectionalGradients.pdf,,,VG ruling 2026-08-31 (B.11)
gupta2024directional,formula_stated,yes,equation,"Our metric of interest is the normalized excess regret :: E[ Y^T ( pi*(X) - pi_hat(X) ) ]  /  E[ Y^T pi*(X) ]   with pi*(X) in argmin_{z in Z} f*(X)^T z, f*(X) = E[Y|X] (Problem (1)); the comparator is the true-model policy, and since pi* and pi_hat depend on X only, E[Y^T pi(X)] = E[f*(X)^T pi(X)]",GuptaHuang2024_DirectionalGradients.pdf,8,4 Numerical Experiments,Inline (unnumbered) formula with numerator and denominator both written out.
sadana2025survey,oracle,LA (as the survey's definition of regret; nothing is reported),equation,"a contextual point predictor gθ (x) is learned by minimizing the regret associated with implementing the prescribed action based on the mean estimator gθ (x) instead of based on the realized parameters y (a.k.a. the optimal hindsight or wait-and-see decision). Specifically, the value of an expected value-based policy πθ (x) := z ∗ (x, gθ ) is measured as the expected regret defined as: :: Eq. (13): H_Regret(π_θ, P) := E_P[ c(π_θ(x), y) − c(z*(x, y), y) ]",Sadana2025_ContextualOptimizationSurvey.pdf,22,5.1 Models -- Regret minimization task,"The survey's canonical regret (attributed to Elmachtoub and Grigas 2022) is against z*(x,y), the optimal hindsight / wait-and-see decision for the realized y -- i.e. the look-ahead oracle. arXiv v2 page 22 (printed page number 22); the published EJOR version has different section numbering."
sadana2025survey,oracle,LA (as the survey's definition of regret; nothing is reported),quote,Minimizing the expected regret returns the same optimal parameter vector θ as the ILO problem (9). This is due to the fact that:,Sadana2025_ContextualOptimizationSurvey.pdf,22,5.1 Models -- Regret minimization task,"Followed by the display H_Regret(π, P̂_N) = E_{P̂_N}[c(π(x),y) − c(z*(x,y),y)] = H(π, P̂_N) − E_{P̂_N}[c(z*(x,y),y)] and 'Hence, both H_Regret(π, P̂_N) and H(π, P̂_N) have the same set of minimizers.' The hindsight term is a policy-independent constant, so LA regret and expected cost share minimizers -- the survey does not discuss the true-model oracle here."
sadana2025survey,setting,survey; reports no experimental metric (rule 3),quote,This article surveys the literature on single and two-stage contextual optimization.,Sadana2025_ContextualOptimizationSurvey.pdf,3,1. Introduction,"Survey; the only tables are notation (Table 1), literature overviews (Tables 2-3) and abbreviations (Table 4)."
sadana2025survey,setting,survey; reports no experimental metric (rule 3),absence,"Protocol: grepped whole-paper text (52 pages, arXiv v2) for 'experiment' (9 hits, all describing other papers' experiments or the need for empirical evaluation, e.g. 'the experiments in Butler and Kwon (2023a) were conducted on', 'Numerical experiments on a synthetic data set show that'), 'our experiments'/'we conduct'/'we perform' (0), 'benchmark' (hits only in the 'Toolboxes and benchmarking' paragraph, p35, describing PyEPO and the Mandi et al. benchmark), 'Table [0-9]' (Tables 1-4: notation, two literature overviews, abbreviations). Section headings 1-7 contain no experimental section. Read in full: abstract (p1), Section 1 (pp3-5), Section 5.1 'Models' incl. 'Regret minimization task' (p22), Section 7 Conclusions (p39).",Sadana2025_ContextualOptimizationSurvey.pdf,1-39,whole paper,"Exclusion under rule 3 is supported: no experiment, no reported metric."
yang2025dff,metric_name,normalized decision regret (NDR),quote,"gret (NDR) (Tang and Khalil 2022), defined as follows:",Yang2025_DFF.pdf,6,Case Study / Benchmarks with synthetic data (Baseline),"Fragment is the second line of the sentence 'The baselines are evaluated with the normalized decision regret (NDR) (Tang and Khalil 2022), defined as follows:'; two-column layout interleaves the first line with the other column in the page text."
yang2025dff,metric_name,normalized decision regret (NDR),quote,Table 1: NDR and MSE of benchmarking methods on two well-established PO problems,Yang2025_DFF.pdf,6,Case Study / Table 1,Table 2 (p.7) caption also says 'Normalized regret and MSE across different methods in resource allocation problem'; body text uses 'normalized regret' and 'normalized decision regret' interchangeably.
yang2025dff,oracle,LA,equation,"introduced by Elmachtoub and Grigas (2022): :: Eq. (5): DR(c, ĉ) = f(w*(ĉ), c) − f(w*(c), c); c is the realized cost vector of the instance, w*(c) its full-information optimum.",Yang2025_DFF.pdf,3,Problem Definition / Predict-then-Optimize,"Regret is measured against the optimum for the realized cost c of each sample (c_i in the dataset D = {(x_i, c_i)}), i.e. look-ahead / hindsight oracle."
yang2025dff,oracle,LA,equation,"Given a dataset with N samples, denoted as D = :: Eq. (6): DR = (1/N) Σ_{i=1}^N DR(c_i, M(x_i)), with D = {(x_1,c_1),...,(x_N,c_N)}.",Yang2025_DFF.pdf,3,Problem Definition / Predict-then-Optimize,"c_i is the observed cost of sample i, so the benchmark in Eq. (19) is the per-instance hindsight optimum, not a conditional-mean optimum."
yang2025dff,denominator,oracle_cost,equation,"gret (NDR) (Tang and Khalil 2022), defined as follows: :: Eq. (19): NDR = Σ_{i=1}^N [f(w*(ĉ_i), c_i) − f(w*(c_i), c_i)] / Σ_{i=1}^N |f(w*(c_i), c_i)|",Yang2025_DFF.pdf,6,Case Study / Benchmarks with synthetic data (Baseline),Denominator is the sum over the test set of the absolute hindsight-optimal objective; this is the PyEPO normalized regret.
yang2025dff,aggregation,ratio_of_sums,equation,"gret (NDR) (Tang and Khalil 2022), defined as follows: :: Eq. (19): NDR = Σ_{i=1}^N [f(w*(ĉ_i), c_i) − f(w*(c_i), c_i)] / Σ_{i=1}^N |f(w*(c_i), c_i)|",Yang2025_DFF.pdf,6,Case Study / Benchmarks with synthetic data (Baseline),Sum of regrets over sum of absolute oracle costs; not an average of per-instance ratios.
yang2025dff,noise,mixed,quote,established benchmarks using synthetic data.,Yang2025_DFF.pdf,5,Case Study,Sentence continues (next interleaved line): 'We then validate the DFF on the resource allocation problem with real-world data from the ride-hailing platform DiDi Chuxing.' Network flow and portfolio experiments are synthetic; resource allocation is real DiDi data.
yang2025dff,noise,mixed,quote,world data from the ride-hailing platform DiDi Chuxing.,Yang2025_DFF.pdf,5,Case Study,Real-data experiment (Table 2 reports NDR on it).
yang2025dff,noise,mixed,quote,data from 102 consecutive days from Didi Chuxing,Yang2025_DFF.pdf,6,Resource allocation problem with real-world data,Real-world regime.
yang2025dff,noise,mixed,quote,"datasets using different mechanisms, including polynomial",Yang2025_DFF.pdf,5,Benchmarks with synthetic data / Problem Settings and Dataset,"Full sentence: 'we generate two distinct datasets using different mechanisms, including polynomial functions, periodic functions, and piecewise functions with different coefficients. The details of the synthetic data are presented in Appendix B.' Whether the synthetic Y|X carries a stochastic term is deferred to Appendix B."
yang2025dff,noise,mixed,absence,"Appendix B (synthetic data details) is not contained in the 9-page PDF (pdfinfo: 9 pages; pages 8-9 are references; no appendix text). grep -i over the whole-paper text: 'noise' 0 hits, 'gaussian' 0 hits, 'random' only in 'random forest'/'random seeds', 'multiplicative' 3 hits (all about prediction shift, not DGP), 'Appendix B' 2 hits (both pointers). Read in full: Case Study, Benchmarks with synthetic data, Resource allocation problem with real-world data, Fine-tuning Non-differentiable Simulation Model (pp. 5-7). Conclusion: the paper mixes synthetic (network flow, portfolio) and real (DiDi resource allocation) regret-reporting experiments, so 'mixed' follows from the real/synthetic mix alone; whether the synthetic DGP is noisy or noiseless cannot be determined from this PDF.",Yang2025_DFF.pdf,5,Case Study,Current audit.csv label is 'unknown'; see notes for the disagreement.
yang2025dff,synthetic,yes,quote,established benchmarks using synthetic data.,Yang2025_DFF.pdf,5,Case Study,Network flow and portfolio optimization use synthetic data and report NDR (Table 1).
yang2025dff,synthetic,yes,quote,Extensive evaluations on synthetic and real-world,Yang2025_DFF.pdf,1,Abstract,"Continues: 'datasets, including network flow, portfolio optimization, and resource allocation problems'."
yang2025dff,contaminated,no,absence,"Searched the whole-paper text (grep -i) for cross-regime language: 'size' 1 hit (Table 2 typography), 'sample' 3 hits (dataset definition, RF sampling rate, random seeds), 'training set' 1 hit (2-fold split), 'more data|less data|fewer' 0 hits, 'increas' 2 hits (MSE increases with epsilon; 'increases the risk' in Conclusion), 'decreas' 0, 'larger|smaller|higher|lower|harder|easier' 6 hits, none comparing regret across DGP regimes, 'degree|noise|misspecif' 1 hit ('misspecified' in Open Issues, not about results). Read in full: Case Study (p.5), Benchmarks with synthetic data incl. Results paragraph (p.6), Resource allocation problem with real-world data (pp.6-7), Fine-tuning Non-differentiable Simulation Model and the epsilon sensitivity paragraph (p.7), Conclusion (p.7). Every conclusion drawn from NDR is a within-regime method ranking (DFF vs base model vs baselines); the only trend statement is over the hyperparameter epsilon, not over a DGP regime; no sentence compares NDR across Dataset 1 vs Dataset 2, network flow vs portfolio, or across training-set sizes. No data-size experiment exists in the PDF (Appendix C, which may hold one, is absent).",Yang2025_DFF.pdf,5;6;7,Case Study,"DISAGREES with audit.csv (cross_regime=yes 'in data size', contaminated=yes); see notes."
yang2025dff,contaminated,no,quote,"when ϵ > 0.2, the normalized decision regret stabilizes at a",Yang2025_DFF.pdf,7,Fine-tuning Non-differentiable Simulation Model (sensitivity analysis),"Closest thing to a trend statement: NDR vs the trust-region parameter epsilon, a method hyperparameter, not a DGP regime. Recorded so a second reader can judge it."
yang2025dff,contaminated,yes,quote,by 24.37% compared to the original simulation model,Yang2025_DFF.pdf,7,Experiments -- Resource allocation (DiDi),"Full sentence (two-column layout splits it): 'by fine-tuning the simulation model with the DFF module, the normalized decision regret is reduced by 24.37% compared to the original simulation model'. A sized relative reduction of a look-ahead-based normalized regret ('A reduces normalized regret from y% to x%' in tab:Claims). The earlier audit's 'cross-regime in data size' basis is unsupported: no data-size comparison exists in the arXiv or AAAI PDF (Yang2025_DFF_AAAI.pdf, also 9 pages); Appendices A-D not located."
yang2025dff,formula_stated,yes,equation,"gret (NDR) (Tang and Khalil 2022), defined as follows: :: Eq. (19): NDR = Σ_{i=1}^N [f(w*(ĉ_i), c_i) − f(w*(c_i), c_i)] / Σ_{i=1}^N |f(w*(c_i), c_i)|",Yang2025_DFF.pdf,6,Case Study / Benchmarks with synthetic data (Baseline),Both regret (Eq. 5) and the normalization (Eq. 19) are written out.
berden2025solver,metric_name,normalized regret,quote,over 5 independent runs with varying train-validation-test splits. We report the normalized regret:,Berden2025_LAVA.pdf,8,5 Experiments,Eq. (5) follows.
berden2025solver,oracle,LA,equation,"This is measured by the regret, which expresses the suboptimality of the made decisions z ⋆ (ĉ) with respect to true costs c (lower is better). :: Eq. (2): Regret(ĉ, c) = c^T z*(ĉ) − c^T z*(c)",Berden2025_LAVA.pdf,2,2 Preliminaries,"Regret against z*(c), the optimum for the realized/true cost vector c."
berden2025solver,denominator,achieved_objective,equation,Reported results are the average taken over 5 independent runs with varying train-validation-test splits. We report the normalized regret: :: Eq. (5): Normalized Regret = [ Σ_{i=1}^{n_test} ( c^T z*(ĉ) − c^T z*(c) ) ] / [ Σ_{i=1}^{n_test} c^T z*(ĉ) ],Berden2025_LAVA.pdf,8,5.1 Experimental setup,"Checked visually against the PDF (p8). The denominator is the sum over the test set of the objective ACHIEVED by the predicted-cost decision, c^T z*(ĉ), not the optimal c^T z*(c). Aggregation: ratio of sums. metric_name: 'normalized regret' (also 'test regret', 'relative test regret' p9)."
berden2025solver,aggregation,ratio_of_sums,equation,We report the normalized regret: :: Eq. (5): sum_{i=1}^{n_test} (c^T z*(c^) - c^T z*(c)) / sum_{i=1}^{n_test} c^T z*(c^),Berden2025_LAVA.pdf,8,5 Experiments,"Sums over the test set in numerator and denominator; the denominator is the objective ACHIEVED by the predicted-cost decision, not the optimum (checked against the PDF image)."
berden2025solver,noise,none (Random LPs and Shortest path: polynomial mapping with ε̄ = 0),quote,"where ϵj is sampled uniformly from [1 − ϵ̄, 1 + ϵ̄]. In our experiments, we use deg = 8 and ϵ̄ = 0.",Berden2025_LAVA.pdf,16,Appendix D.3 True predictive mappings -- Polynomial mapping,"The Elmachtoub-Grigas polynomial DGP with the multiplicative noise half-width set to zero: c_j is a deterministic function of x. Used for benchmarks 1 (Random LPs, p8: 'we use a degree 8 polynomial') and 3 (Shortest path, p9: 'The true predictive mapping is the same as used in the first benchmark')."
berden2025solver,noise,real (Multi-dimensional knapsack uses California house prices) -- FLAG: contradicts 'noiseless throughout',quote,"Most vertices are nondegenerate, some are slightly degenerate. We use real-world data, taken from a common",Berden2025_LAVA.pdf,8,5.3 Benchmarks -- 2. Multi-dimensional knapsack,"Sentence continues on p9: 'machine learning benchmark in which the median house prices of districts in California must be predicted from 8 correlated features, including spatial features, features about the districts' populations and other aggregate housing statistics [31].' Appendix D.3 (p16) lists 'California house prices' as the second true predictive mapping. So one of the three regret-reporting benchmarks is on real data, i.e. noise = mixed for the paper, not none. Rule 4 ('at least one experiment has a noisy DGP') is arguably satisfied by the real-data knapsack benchmark."
berden2025solver,synthetic,yes,quote,"where ϵj is sampled uniformly from [1 − ϵ̄, 1 + ϵ̄]. In our experiments, we use deg = 8 and ϵ̄ = 0.",Berden2025_LAVA.pdf,16,Appendix D.3,"Random LPs and shortest path are synthetic (noiseless); the qualifying noisy experiment is the real-data knapsack (p8-9), so noise = mixed and synthetic = yes."
berden2025solver,synthetic,no,adjudication,"Same scoping. The random-LP and shortest-path benchmarks are synthetic but set ebar = 0, so they fail criterion (iv); the qualifying experiment is the multi-dimensional knapsack on real California house-price data, hence synthetic = no.",Berden2025_LAVA.pdf,8;16,5 Experiments; Appendix D.3,Authors' ruling 2026-08-31.
berden2025solver,contaminated,yes,quote,Figure 4 shows how the training time and normalized test regret scale with increasing problem size.,Berden2025_LAVA.pdf,9,5.4 Results and discussion,"Cross-problem-size comparison of the normalized metric (multi-dimensional knapsack, varying items and constraints); also 'On the highly degenerate shortest path problem, the relative test regret of LAVA is slightly worse' (p9) compares across problems. Not needed for the exclusion; recorded because audit.csv has contaminated = yes."
berden2025solver,formula_stated,yes,quote,We report the normalized regret:,Berden2025_LAVA.pdf,8,5 Experiments,Numbered Eq. (5).
rodriguezdiaz2025decision,metric_name,test relative regret,quote,"Figure 2: Training time vs test relative regret. Across Matching (sizes 10, 50) and Knapsack (sizes 24, 48),",RodriguezDiaz2025_DualGuidedSurrogates.pdf,8,6.2 Results / Figure 2,'Relative Regret' is also the y-axis label of Fig. 2 (p.8) and Fig. A1 (p.17). The body text says only 'test regret' / 'regret'.
rodriguezdiaz2025decision,metric_name,test relative regret,quote,selected configuration is the one with the lowest validation relative regret. Test metrics are reported only for this,RodriguezDiaz2025_DualGuidedSurrogates.pdf,15,Appendix E Implementation Details / Hyperparameter selection,Only other prose occurrence of 'relative regret'; still no definition.
rodriguezdiaz2025decision,oracle,LA,quote,note the optimal decision under the true parameters.,RodriguezDiaz2025_DualGuidedSurrogates.pdf,3,3.1 Learning Task,"Preceding line defines x*(y^(k)) in arg max_{x in F^(k)} f(x, y^(k)) with y^(k) the realized outcome vector of instance k from the dataset D = {(w^(k), y^(k))}."
rodriguezdiaz2025decision,oracle,LA,equation,"The per-instance decision regret is :: r^(k)(θ) = f(x*(y^(k)), y^(k)) − f(x_θ^(k), y^(k)) ≥ 0; then Regret-hat(θ) = (1/K) Σ_k r^(k)(θ) ('empirical average regret').",RodriguezDiaz2025_DualGuidedSurrogates.pdf,3,3.1 Learning Task,"Regret is against the optimum for the realized (true-label) parameter vector of each instance, i.e. the hindsight / look-ahead oracle. Unnumbered display equation."
rodriguezdiaz2025decision,oracle,LA,equation,We can write the decision regret as: :: Regret(θ) := E[ y^T x^IP(y) − y^T x^IP(ŷ(θ)) ],RodriguezDiaz2025_DualGuidedSurrogates.pdf,5,4.2 Regret Guarantees,Population version used in Theorem 1; expectation of the hindsight regret. Unnumbered display equation.
rodriguezdiaz2025decision,denominator,not_stated,absence,"Whole-paper text grep (case-insensitive): 'regret' 44 hits (all read; every definition is the unnormalized per-instance regret r^(k), its empirical mean, or Regret(θ) = E[y^T x^IP(y) − y^T x^IP(ŷ)] in Sec. 3.1, 4.2 and Appendices B-C); 'relative' 9 hits, of which 4 are the metric name (Fig. 2 caption and y-axis, Fig. A1 y-axis, App. E hyperparameter selection) and 5 are 'relative to'; 'normaliz' 0; 'percent' 0; 'denominator' 0; 'divid' 4 (all 'individual(s)'); 'ratio' 9 (all inside 'iteration'/'configuration'/'generation'). Read in full: 3.1 Learning Task (p.3), 4.2 Regret Guarantees (p.5), 6 Experiments, 6.1 Experimental Settings, 6.2 Results (pp.7-8), 7 Discussion (p.8), Appendix E Implementation Details (pp.15-16), Appendix F Additional Experimental Results (p.17); skimmed Appendices B-C proofs (pp.11-15) for any normalized quantity: none. No formula or verbal definition of 'relative regret' exists anywhere in the PDF. Fig. 2 y-axis values (0.11-0.18 matching, 0.10-0.31 knapsack) are consistent with regret divided by the oracle objective but this is inferred from magnitudes only.",RodriguezDiaz2025_DualGuidedSurrogates.pdf,8,6.2 Results / Figure 2,"Code builds on the Shah et al. [2022] (LODL) repository (App. E, p.15); the normalization may be inherited from that codebase but the paper does not say so."
rodriguezdiaz2025decision,aggregation,unknown,absence,"Same protocol as the denominator row: the only aggregation stated is the empirical average of unnormalized per-instance regrets, Regret-hat(θ) = (1/K) Σ_k r^(k)(θ) (Sec. 3.1, p.3). How the reported 'relative regret' aggregates over the 200 test instances per setting (Sec. 6.1, p.7) is never stated; 'mean', 'average' and 'sum' occurrences near 'regret' were checked (the only one is 'empirical average regret', p.3).",RodriguezDiaz2025_DualGuidedSurrogates.pdf,3;8,3.1 Learning Task / 6.2 Results,
rodriguezdiaz2025decision,aggregation,unknown,quote,aggregating over instances yields the empirical av-,RodriguezDiaz2025_DualGuidedSurrogates.pdf,3,3.1 Learning Task,Continues 'erage regret' followed by the display Regret-hat(θ) = (1/K) Σ_k r^(k)(θ). This is the unnormalized average; the relative version is not defined.
rodriguezdiaz2025decision,noise,yes,quote,"adding Gaussian noise ε ∼ N (0, 25). In the released",RodriguezDiaz2025_DualGuidedSurrogates.pdf,7,6.1 Experimental Settings / Weighted Knapsack,"Knapsack item values are generated from the real Irish SEMO energy-price features times the weight plus Gaussian noise N(0,25): synthetic noisy targets on real features."
rodriguezdiaz2025decision,noise,yes,quote,"σ(·) is the sigmoid, yielding uij ∈ (0, 1). We evaluate",RodriguezDiaz2025_DualGuidedSurrogates.pdf,7,6.1 Experimental Settings / Many-to-One Matching,"Preceding line: 'effect, εij ∼ N (0, σ 2 ) is optional Gaussian noise, and'. Matching utilities u_ij = σ(y_i^base + α y_ij^loc + ε_ij) with optional Gaussian noise; the value of σ actually used (possibly 0) is never stated, so the matching DGP could be noiseless."
rodriguezdiaz2025decision,noise,yes,quote,"effect, εij ∼ N (0, σ 2 ) is optional Gaussian noise, and",RodriguezDiaz2025_DualGuidedSurrogates.pdf,7,6.1 Experimental Settings / Many-to-One Matching,"The word 'optional' leaves the matching noise level open; grep 'σ' / 'sigma' / 'noise' finds no numeric value for it anywhere (Table 1 hyperparameters list only η, α, τ)."
rodriguezdiaz2025decision,noise,yes,quote,uses data from the Irish Single Electricity Market,RodriguezDiaz2025_DualGuidedSurrogates.pdf,7,6.1 Experimental Settings / Weighted Knapsack,Real-data component (features) of the knapsack benchmark; see notes for the 'mixed' alternative reading.
rodriguezdiaz2025decision,synthetic,yes,quote,Many-to-One Matching. We generate synthetic,RodriguezDiaz2025_DualGuidedSurrogates.pdf,7,6.1 Experimental Settings / Many-to-One Matching,Continues 'instances inspired by algorithmic refugee assignment [Bansak and Paulson
rodriguezdiaz2025decision,synthetic,yes,quote,We evaluate DGL on two DFL tasks: a synthetic,RodriguezDiaz2025_DualGuidedSurrogates.pdf,7,6 Experiments,Continues 'matching problem motivated by algorithmic refugee assignment ... and a knapsack problem with weighted items from the DFL literature'.
rodriguezdiaz2025decision,contaminated,no,absence,"Grep (case-insensitive) over the whole text for cross-regime language: 'size' 9 hits (all about runtime scaling or naming the four settings), 'larger' 3 hits, 'grow' 3 hits, 'degree|misspecif|noise level|training size|more data' 0 relevant hits. Read in full: 6.2 Results (p.8), 7 Discussion (p.8), Sec. 5 'Scaling to Large Problem Instances' (p.7), Appendix F.1 (p.17). Every conclusion drawn from relative regret is a method comparison within one of the four fixed settings (Matching-10, Matching-50, Knapsack-24, Knapsack-48); the statements that mention instance size ('As instances grow, the feasible set expands combinatorially and per-step solves in SPO+ and QPTL dominate runtime', 'the gap widens with instance size') are about runtime, not regret. The paper never compares regret magnitudes across sizes, across the two problems, or across seeds -- Appendix F.1 explicitly refuses to average across seeds because 'each seed induces a different dataset and thus a distinct experimental setting'. No headroom reading of the metric's magnitude.",RodriguezDiaz2025_DualGuidedSurrogates.pdf,7;8;17,6.2 Results / 7 Discussion / F.1,audit.csv cross_regime = 'partial'; contaminated blank. My reading is 'no'; the borderline sentence is quoted in the next row.
rodriguezdiaz2025decision,contaminated,no,quote,"50, Knapsack-48), QPTL eventually reaches the lowest",RodriguezDiaz2025_DualGuidedSurrogates.pdf,8,6.2 Results,"Borderline sentence: 'On the larger instances (Matching-50, Knapsack-48), QPTL eventually reaches the lowest regret but only by a modest margin and at a steep computational cost'. It observes that the method ranking differs on the larger instances; it does not compare regret values across sizes. Two-column layout interleaves the sentence's lines."
rodriguezdiaz2025decision,contaminated,no,quote,"averaging would conflate heterogeneous tasks and obscure method-level differences. Instead, we present the",RodriguezDiaz2025_DualGuidedSurrogates.pdf,17,F.1 Many-to-One Matching,Authors explicitly treat each generated dataset as a distinct setting and avoid pooling the metric across them.
rodriguezdiaz2025decision,formula_stated,partial,equation,"The per-instance decision regret is :: r^(k)(θ) = f(x*(y^(k)), y^(k)) − f(x_θ^(k), y^(k)) ≥ 0",RodriguezDiaz2025_DualGuidedSurrogates.pdf,3,3.1 Learning Task,The unnormalized regret is defined precisely; the reported 'relative regret' (normalization) is never defined -- rubric's 'partial' case. audit.csv has 'no'; see notes.
rodriguezdiaz2025decision,formula_stated,partial,absence,"See the denominator row for the search protocol: no formula, verbal definition, or footnote defines 'relative regret'; the term appears only in Fig. 2 caption/axis (p.8), Fig. A1 axis (p.17) and the hyperparameter-selection sentence (p.15).",RodriguezDiaz2025_DualGuidedSurrogates.pdf,8;15;17,Figure 2 / Appendix E / Figure A1,
mandi2025preprint,metric_name,normalized relative regret,quote,"normalized relative regret on test instances, calculated as follows:",Mandi2025_MinimizingSurrogateLosses.pdf,6,5.1 Experimental Setup,"Full sentence: 'For all the experiments, we report the average of normalized relative regret on test instances, calculated as follows:' followed by Eq. (18)."
mandi2025preprint,metric_name,normalized relative regret,quote,training time per epoch (x-axis) against normalized test regret (y-axis),Mandi2025_MinimizingSurrogateLosses.pdf,7,5.2.3 Comparison against the state of the art,"Same quantity called 'normalized test regret' here, 'Test Regret' in Figs. 3-5 axes, and 'Normalized Regret' in the App. H.4 tables (Tables 5-7, pp.19-21)."
mandi2025preprint,oracle,LA,equation,"Regret and SqDE can be written in the following form: :: Regret(w, y) := y^T w − y^T w*, with w* = w*(y) the optimal solution for the realized cost y (Sec. 2: 'unless explicitly stated otherwise, w* will denote w*(y)').",Mandi2025_MinimizingSurrogateLosses.pdf,2,2 Background,Unnumbered display. Regret is against the optimum for the realized cost vector y of the instance: look-ahead / hindsight oracle.
mandi2025preprint,oracle,LA,quote,compute the optimal solution both for true and predicted costs using,Mandi2025_MinimizingSurrogateLosses.pdf,6,5.1 Experimental Setup,"'For evaluation, we always compute the optimal solution both for true and predicted costs using the (MI)LP solvers.' The 'true' cost is the realized y_i of each test instance; Eq. (18) uses w_i* = w*(y_i)."
mandi2025preprint,denominator,per_instance,equation,"normalized relative regret on test instances, calculated as follows: :: Eq. (18): (1/N_test) Σ_{i=1}^{N_test} [ y_i^T (w*(ŷ_i) − w_i*) ] / [ y_i^T w_i* ]",Mandi2025_MinimizingSurrogateLosses.pdf,6,5.1 Experimental Setup,Each instance's regret is divided by that instance's own hindsight-optimal objective y_i^T w_i* before averaging. Verified against the rendered PDF page.
mandi2025preprint,aggregation,mean_of_ratios,equation,"normalized relative regret on test instances, calculated as follows: :: Eq. (18): (1/N_test) Σ_{i=1}^{N_test} [ y_i^T (w*(ŷ_i) − w_i*) ] / [ y_i^T w_i* ]",Mandi2025_MinimizingSurrogateLosses.pdf,6,5.1 Experimental Setup,"The 1/N_test sum is outside the ratio: average of per-instance ratios. Additionally averaged over five seeds ('each experiment is repeated five times with different seeds, and the average is reported')."
mandi2025preprint,noise,yes,quote,"term sampled randomly from the uniform distribution ξij ∼ U [1 − w, 1 + w]. w is a noise-half width parameter, which is less than 1. Higher",Mandi2025_MinimizingSurrogateLosses.pdf,17,F.2 Description of the Data Generation Process,"PyEPO DGP, Eq. (32): y_ij = [ (1/(3.5^Deg)) ((1/sqrt(p)) B ψ_i + 3)^Deg + 1 ] ξ_ij with multiplicative uniform noise ξ_ij."
mandi2025preprint,noise,yes,quote,values of w indicate a greater degree of noise perturbation. We set Deg to 6 and w to 0.5 in all our experiments.,Mandi2025_MinimizingSurrogateLosses.pdf,17,F.2 Description of the Data Generation Process,Fixed noise half-width 0.5 and degree 6 in every experiment; no noise or degree sweep.
mandi2025preprint,noise,yes,quote,We use the polynomial degree parameter and the noise half-width,Mandi2025_MinimizingSurrogateLosses.pdf,6,5.1 Experimental Setup,"Continues (next interleaved line): 'parameter as 6 and 0.5, respectively, in all our experiments.'"
mandi2025preprint,synthetic,yes,quote,"We use PyEPO library [30] to generate training, validation and test datasets.",Mandi2025_MinimizingSurrogateLosses.pdf,17,F.2 Description of the Data Generation Process,"Continues: 'Each dataset consists of {(ψ_i, y_i)}_{i=1}^N, which are generated synthetically.' All three problems (SP, KP, CFL) use this synthetic DGP; no real data anywhere."
mandi2025preprint,synthetic,yes,quote,"problems are generated using PyEPO [30]. In all problems considered,",Mandi2025_MinimizingSurrogateLosses.pdf,6,5.1 Experimental Setup,"'The training, validation and test instances for the SP, KP and CFL problems are generated using PyEPO [30].'"
mandi2025preprint,contaminated,no,absence,"Grep (case-insensitive) over the whole-paper text: 'degree' 2 hits (both the fixed DGP parameter, Sec. 5.1 and App. F.2), 'noise' 5 hits (DGP description and a reference title), 'larger' 4 hits (one is 'We evaluate performance on larger problem instances', a setup sentence; others are theory/DGP prose), 'grow' 1 (CaVE memory grows with problem size), 'increas|decreas' 5 (all about gradients/smoothing, not regret across regimes), 'higher regret|lower regret' 3 (all within-setting method comparisons), 'harder|easier|headroom|room for' 0. Read in full: 5 Experiments, 5.1 Experimental Setup, 5.2.1-5.2.3 (pp.6-7), 6 Conclusion (p.7), Appendix F.2 (p.17), Appendix H (pp.17-21, including Tables 5-7 which carry no commentary). Degree and noise are fixed at 6 and 0.5 throughout; problem sizes vary (SP 5/10/15/20, KP 100/200/400/500, CFL 50/100/200/250) but every conclusion is a method ranking within a size (e.g. 'In the SP instances, SPO+relax achieves the lowest regret', 'For the KP instances, PFY achieves the lowest regret'); no sentence compares regret levels across sizes or problems, and the ~0.3-0.5 normalized regrets in Tables 5-7 are never read as headroom.",Mandi2025_MinimizingSurrogateLosses.pdf,6;7;17;19,5 Experiments / 6 Conclusion / App. H.4,"Agrees with audit.csv (cross_regime = no, contaminated = no)."
mandi2025preprint,contaminated,no,quote,We evaluate performance on larger problem instances: SP instances,Mandi2025_MinimizingSurrogateLosses.pdf,7,5.2.3 Comparison against the state of the art,Only cross-size sentence; it introduces the instance sizes for the final experiment and draws no conclusion from regret across sizes.
mandi2025preprint,contaminated,yes,quote,minimizing LSCE or LSPO + consistently yields lower regret than,Mandi2025_MinimizingSurrogateLosses.pdf,6,Experiments,"Method rankings rest on the normalized relative regret of Eq. (18), a per-instance mean of ratios; tab:Claims marks rankings by a mean of ratios as potentially contaminated. Same basis applies to mandi2022decision and mandi2024decision."
mandi2025preprint,formula_stated,yes,equation,"normalized relative regret on test instances, calculated as follows: :: Eq. (18): (1/N_test) Σ_{i=1}^{N_test} [ y_i^T (w*(ŷ_i) − w_i*) ] / [ y_i^T w_i* ]",Mandi2025_MinimizingSurrogateLosses.pdf,6,5.1 Experimental Setup,Both the regret (Sec. 2 display) and the normalization/aggregation (Eq. 18) are written out.
jeon2025prediction,metric_name,normalized test regret (R_test / R_worst),quote,Evaluation Metric We use the normalized test regret as,Jeon2025_PredictionLossGuided.pdf,6,4.1 Experimental Settings / Evaluation Metric,"Continues (interleaved two-column text): 'our evaluation metric, where regret is defined as the difference between the decision loss achieved using the model's prediction and the optimal objective value obtained using the ground-truth parameters y'."
jeon2025prediction,metric_name,normalized test regret (R_test / R_worst),quote,Table 1: Results for five experimental settings evaluated with normalized test regret and its standard error of the mean (SEM).,Jeon2025_PredictionLossGuided.pdf,7,Table 1 caption,
jeon2025prediction,oracle,LA,equation,"prediction and the optimal objective value obtained using the :: Eq. (7): R(ŷ, y) := L_dec(a*(ŷ), y) − L_dec(a*(y), y)",Jeon2025_PredictionLossGuided.pdf,6,4.1 Experimental Settings / Evaluation Metric,"Regret against a*(y), the optimal decision for the realized ground-truth parameters y of the test instance: look-ahead oracle."
jeon2025prediction,oracle,LA,quote,ground-truth parameters y:,Jeon2025_PredictionLossGuided.pdf,6,4.1 Experimental Settings / Evaluation Metric,Line immediately preceding Eq. (7).
jeon2025prediction,denominator,ref_policy_regret,quote,"To normalize the regret, we compute the worst-case regret",Jeon2025_PredictionLossGuided.pdf,6,4.1 Experimental Settings / Evaluation Metric,"Continues: 'Rworst for each problem and divide the regret of each algorithm as Rtest/Rworst.' The denominator is the regret of a worst-case reference decision, defined per problem in the next paragraph."
jeon2025prediction,denominator,ref_policy_regret,quote,"rithm as Rtest /Rworst . Intuitively, the normalized test re-",Jeon2025_PredictionLossGuided.pdf,6,4.1 Experimental Settings / Evaluation Metric,"The ratio itself (inline, unnumbered). Continues: 'gret reflects how far a model's decision is from the best possible outcome in [0, 1], with lower values indicating better performance.'"
jeon2025prediction,denominator,ref_policy_regret,quote,"the knapsack problem, we assume that no items are selected,",Jeon2025_PredictionLossGuided.pdf,6,4.1 Experimental Settings / Evaluation Metric,"Worst-case reference decision for knapsack (empty selection, value zero). Preceded by 'We define the worst-case objective as the following. For'."
jeon2025prediction,denominator,ref_policy_regret,quote,"problem, we derive the decision given the negated ground-",Jeon2025_PredictionLossGuided.pdf,6,4.1 Experimental Settings / Evaluation Metric,Worst-case reference for budget allocation: the decision optimal for −y (continues 'truth data −y and calculate its objective').
jeon2025prediction,denominator,ref_policy_regret,quote,asset with the lowest predicted return.,Jeon2025_PredictionLossGuided.pdf,6,4.1 Experimental Settings / Evaluation Metric,"Worst-case reference for portfolio: 'we allocate the entire investment to the asset with the lowest predicted return' -- note it depends on the *predicted* return, so R_worst differs across algorithms in this domain."
jeon2025prediction,aggregation,unknown,quote,ing rate of 0.001. We fix the inflection point c = 50 for our,Jeon2025_PredictionLossGuided.pdf,6,4.1 Experimental Settings / Implementation Details,Continues 'model. Each experiment is run 10 times.' The ± in Table 1 is SEM over these runs. How R_test is formed over the test instances (mean or sum; before or after dividing by R_worst) is never stated.
jeon2025prediction,aggregation,unknown,absence,"Grepped whole-paper text Jeon2025_PredictionLossGuided.txt for: mean (hits: 'mean-squared error' p.3, 'geometric mean' of gradient norms pp.4-5, p.9, 'standard error of the mean' p.6-7 -- none about aggregating regret), average (0), sum (only 'telescoping sum' p.9 and knapsack objective p.11), 'test set'/'test data'/instances (0 relevant; 'instances' p.4 about gradient magnitudes). Read Sec. 4.1-4.2 (pp.6-7), Table 1 caption, Appendix B (p.11) in full. R_test is never defined as a sum or mean over test instances, and 'Rworst for each problem' does not say whether the worst case is per test instance or per problem setting. Train/test split sizes are not given anywhere.",Jeon2025_PredictionLossGuided.pdf,6;7;11,4.1 Experimental Settings; Appendix B,
jeon2025prediction,noise,real,quote,"For the knapsack problem, we use the data from Mandi et al. (2020). The objective of a knapsack problem is to select a",Jeon2025_PredictionLossGuided.pdf,11,B.2 Details in Knapsack Problem,"Knapsack item values/features are an existing dataset (Mandi et al. 2020, real energy-price data), not generated by the paper. The paper itself never says 'real' or 'synthetic'."
jeon2025prediction,noise,real,quote,"For the portfolio optimization problem, we use the N = 49 industry portfolios data from Kenneth R. French’s homepage.",Jeon2025_PredictionLossGuided.pdf,11,B.4 Details in Portfolio Optimization Problem,Real financial data.
jeon2025prediction,noise,real,quote,"linear transformation. Specifically, we multiply each website’s true CTR vector yw ∈ RU with a randomly generated matrix",Jeon2025_PredictionLossGuided.pdf,11,B.3 Details in Budget Allocation Problem,"Budget allocation: true CTRs taken from the Wilder et al. (2019) setup (real Yahoo data by provenance) but features are simulated as x_w = A y_w -- a deterministic transform, so y is a deterministic function of x. Semi-synthetic; see notes."
jeon2025prediction,noise,real,quote,"the input dimensionality and introducing noise into the prediction process. We consider {0, 500} fake targets.",Jeon2025_PredictionLossGuided.pdf,11,B.3 Details in Budget Allocation Problem,"The 500-fake-target variant appends randomly generated CTRs -- a synthetic perturbation of the real labels. The word 'noise' here is about the prediction task, not a stochastic Y|X."
jeon2025prediction,noise,real,absence,"Grepped whole-paper text for: synthetic (0), real (1: 'real-world settings' in the Conclusion p.7), noise (2: p.3 about noise-contrastive losses of Mandi et al. 2022, p.11 fake targets), generat (p.6 'randomly generated click-through rates', p.11 'randomly generated matrix A', 'randomly generated fake targets'), dataset (p.6 'Further details on experiment settings such as datasets ... Appendix B', p.11). Read Sec. 4 (pp.6-7) and Appendix B (p.11) in full. The paper never characterises its data as real or synthetic; all three problems reuse datasets from prior work (Mandi et al. 2020; Wilder et al. 2019; Kenneth French library), with the budget allocation features simulated from the true labels.",Jeon2025_PredictionLossGuided.pdf,6;7;11,4 Experiments and Results; Appendix B,
jeon2025prediction,synthetic,no,quote,"For the knapsack problem, we use the data from Mandi et al. (2020). The objective of a knapsack problem is to select a",Jeon2025_PredictionLossGuided.pdf,11,B.2 Details in Knapsack Problem,No regret-reporting experiment generates its labels from a synthetic DGP; the only generated components are the budget-allocation feature map x_w = A y_w and the appended fake targets (p.11). Borderline -- see notes.
jeon2025prediction,synthetic,no,quote,"To simulate website features, we construct a feature vector xw ∈ RU for each website w by applying a random",Jeon2025_PredictionLossGuided.pdf,11,B.3 Details in Budget Allocation Problem,Counter-evidence: features (not labels) are simulated in the budget allocation problem.
jeon2025prediction,contaminated,no,quote,"In both budget allocation problems, DFL outperforms",Jeon2025_PredictionLossGuided.pdf,7,4.2 Results,"Continues 'PFL, highlighting the role of ∇Ldec. As β increases in the convex combination baselines, regret steadily decreases, confirming the emphasis on ∇Ldec improves performance.' -- within-regime method comparisons (β is a method hyperparameter, not a DGP regime)."
jeon2025prediction,contaminated,no,quote,tent but remain less robust in the more challenging 500-fake,Jeon2025_PredictionLossGuided.pdf,7,4.2 Results,Borderline counter-evidence: 'Gradient perturbation methods match this trend to some extent but remain less robust in the more challenging 500-fake scenario.' compares method behaviour across the 0- vs 500-fake-target regimes. See notes.
jeon2025prediction,contaminated,no,quote,"vious problems, as accurate predictions are more directly",Jeon2025_PredictionLossGuided.pdf,7,4.2 Results,"'The portfolio optimization problem differs from the previous problems, as accurate predictions are more directly related to high-quality decisions. Unlike in other problems, PFL outperforms DFL in this setting.' -- cross-problem comparison of the method *ranking*, not of the metric's magnitude; rubric treats within-regime rankings as not contaminated."
jeon2025prediction,contaminated,no,absence,"Read Sec. 4.2 Results (p.7), the Table 1 caption (p.7), the Conclusion (p.7) and the Abstract/Introduction (pp.1-2) in full looking for conclusions drawn by comparing normalized regret across problems, capacities, fake-target levels or data sizes. Grepped for: increas (p.7 'As β increases' -- hyperparameter; p.11 'increasing the input dimensionality'), harder/challenging (p.6 'more challenging version augmented with fake targets', p.7 'more challenging 500-fake scenario'), degree/noise level/training size (0), 'room'/'headroom'/'gap' (0). Every headline conclusion is a within-setting method ranking ('Our method outperforms the baselines across the problems except for the unweighted knapsack', Table 1 caption; 'Overall, our approach is the only method that consistently outperforms across all tasks', p.7). The three capacity constraints per knapsack variant are pooled, not compared ('we test for three different capacity constraints', p.7). The one cross-regime clause is the 500-fake remark recorded above.",Jeon2025_PredictionLossGuided.pdf,1;6;7,4.2 Results; 5 Conclusion,
jeon2025prediction,contaminated,yes,adjudication,"Two grounds: the ratio R_test/R_worst is interpreted as 'how far a model's decision is from the best possible outcome in [0, 1]' (p6), a captured-share reading whose denominator counts the irreducible premium as available; and the 0- vs 500-fake-target comparison (p7) compares the metric across two DGPs.",Jeon2025_PredictionLossGuided.pdf,6;7,4.1; 4.2,VG ruling 2026-08-31; the reader's rows quote both passages
jeon2025prediction,formula_stated,partial,equation,"prediction and the optimal objective value obtained using the :: Eq. (7): R(ŷ, y) := L_dec(a*(ŷ), y) − L_dec(a*(y), y)",Jeon2025_PredictionLossGuided.pdf,6,4.1 Experimental Settings / Evaluation Metric,"The per-instance regret is a numbered formula; the normalization is stated in words as R_test / R_worst with the worst-case decision defined per problem, but R_test (the test-set aggregate) is never defined. A reader who accepts the verbal ratio as a precise definition could record 'yes' -- see notes."
jeon2025prediction,formula_stated,partial,quote,"rithm as Rtest /Rworst . Intuitively, the normalized test re-",Jeon2025_PredictionLossGuided.pdf,6,4.1 Experimental Settings / Evaluation Metric,The normalization as written.
capitaine2026online,metric_name,average cumulated cost (reported experimental quantity; no oracle subtracted),equation,"we plot on the left-hand panel the average cumulated cost :: t ↦ t^{-1} Σ_{s=1}^{t} ḡ_{s,v_s}(X_s), incurred by DF-OGD, DF-FTPL, PF-OGD and online SPO over 10 runs of T = 5000 timesteps",Capitaine2026_OnlineDFL.pdf,9,4 Experiments -- Results,"The experiment reports the raw cumulative (time-averaged) realized cost plus MSE, not a regret; the regret with TM-side comparator appears only in the theory (Thms in Sec. 3). Appendix E additionally reports the 'average cumulated cost gap PFL - DFL as a function of γ' (p19), a policy-vs-policy difference, still no oracle."
capitaine2026online,oracle,"TM-side comparator (conditional-expectation oracle, best-in-class)",equation,"we consider the notions of static and dynamic regret to measure the effectiveness of a learning strategy {θt }t∈[T ] , which are respectively: :: Eq. (4): R^s_T = Σ_t f_t(θ_t) − inf_{θ∈Θ} Σ_t E[f_t(θ)]; R^d_T = Σ_t F_t(θ_t) − Σ_t inf_{θ∈Θ} F_t(θ), where F_t(θ) = E[f_t(θ) | H_{t−1}] and f_t(θ) = ⟨ḡ_t(X_t), w*_t(θ)⟩",Capitaine2026_OnlineDFL.pdf,4,2 Setting,"Both theoretical regrets compare to the best parameter θ in the class under EXPECTED loss, not to the realized-cost optimum: the comparator sits on the true-model side (and is class-restricted, so it is not exactly the TM policy oracle either)."
capitaine2026online,oracle,TM-side comparator: the paper's own justification for not using a realized comparator,quote,"In our dynamic regret, the sequence of actions is compared against a sequence of oracles, each minimizing the instantaneous loss. Without taking the conditional expectation over Ht−1 , each comparator could overfit to the specific realization of Xt resulting in an unrealistically strong benchmark. By considering the conditional expectation of the loss, we effectively regularize the dynamic comparators, making them meaningful competitors.",Capitaine2026_OnlineDFL.pdf,4,2 Setting,Explicit statement that a realized (look-ahead) comparator would be 'an unrealistically strong benchmark' -- directly relevant to the look-ahead premium argument.
capitaine2026online,noise,"yes (synthetic, Gaussian noise on costs)",quote,"where A > 0, εt ∼ N(0, IK ) is a Gaussian noise and θt⋆ ∈ Rp is a parameter which satisfies",Capitaine2026_OnlineDFL.pdf,9,4 Experiments -- Synthetic data,"Eq. (9): c_t(X_t) = A sin^4((2 X_t θ*_t)^{-1}) + ε_t with drifting θ*_t = θ*/2 + ζ_t/2; noisy, non-stationary synthetic DGP."
capitaine2026online,setting,online setting (rule 2): round-by-round protocol with per-round feedback,quote,"The general form of the decision-making dynamics we consider can be described as follows: at each round t ∈ [T ], for a horizon T ∈ N, given the current parameter θt , 1. Nature picks a distribution for Xt ∈ X and a cost function ḡt : X → Z. 2. The decision-maker observes Xt and compute its prediction as g(θt , Xt ).",Capitaine2026_OnlineDFL.pdf,3,2 Setting (Online decision-focused learning),"Steps 3-4 continue: the decision-maker takes the action minimizing the predicted cost (Eq. 2), then 'observes ḡt (Xt ) and update θt+1 for the next round.' Fully online; 'no stationary assumptions are made on the process' (p4)."
lee2026pear,metric_name,normalized regret,quote,"and 500 test instances. We report normalized regret,",LeeJinLee2026_PEAR.pdf,7,5. Experiments,Sentence continues 'defined as' followed by Eq. (24). Tables 1-3 and 5-10 all report 'Normalized regret (%)'.
lee2026pear,metric_name,normalized regret,quote,"Table 1. LP benchmarks. Normalized regret (%, ↓) and training time (s, ↓), over 5 seeds. Best in bold and second best underlined.",LeeJinLee2026_PEAR.pdf,6,5.1 Synthetic LP Benchmarks / Table 1,
lee2026pear,metric_name,normalized regret above 100% (portfolio),quote,MSE               90.80±2.05      33.0±9.5        89.22±21.67      37.51±6.18       0.92±0.14     -40.00±4.49,LeeJinLee2026_PEAR.pdf,7,5.2 / Table 3 (Real-world QP),"On the real S&P 100 mean-variance task the normalized regret is 85.38%-90.80% (MSE 90.80, QPTH 87.85, CvxpyLayers 87.36, PEAR 85.38): the hindsight-oracle denominator makes even the best method lose ~85% of the perfect-foresight objective. Never remarked on in the text."
lee2026pear,metric_name,normalized regret above 100% (portfolio),quote,PEAR (Ours)       85.38±6.91     122.3±38.6      184.19±86.24      58.84±19.49      1.44±0.47    -29.35±5.36,LeeJinLee2026_PEAR.pdf,7,5.2 / Table 3 (Real-world QP),Best method still at 85.38% normalized regret on real data.
lee2026pear,metric_name,normalized regret above 100% (portfolio),quote,MSE              119.9±0.2   126.4±0.1    130.6±0.1    138.3±0.1,LeeJinLee2026_PEAR.pdf,17,Appendix F.3 / Table 7 (Lower bound generalization),Under the short-selling shift the normalized regret exceeds 100% for every method: 119.9%-167.6% across Table 7 (MSE 119.9-138.3; CvxpyLayers up to 167.6). The metric being >100% draws no comment; F.3 simply ranks methods.
lee2026pear,metric_name,normalized regret above 100% (portfolio),quote,CvxpyLayers      129.8±2.5   149.0±5.8    156.9±6.8    167.6±7.1,LeeJinLee2026_PEAR.pdf,17,Appendix F.3 / Table 7 (Lower bound generalization),Upper end of the >100% range (167.6% at lb=-1.0).
lee2026pear,oracle,LA,equation,cision computed from ĉ under the true cost c: :: Eq. (2): R(ĉ; c) = [φ(z*(ĉ)) + c^T z*(ĉ)] − [φ(z*(c)) + c^T z*(c)],LeeJinLee2026_PEAR.pdf,3,3. Regret Gradient via Tangent-Space Projection,"'Decision-Focused Learning minimizes the regret of the decision computed from ĉ under the true cost c' -- regret against the optimum for the realized cost vector: look-ahead / hindsight oracle. In the portfolio task c_i are realized future returns, so z*(c_i) is the perfect-foresight portfolio."
lee2026pear,oracle,LA,equation,"and 500 test instances. We report normalized regret, :: Eq. (24): [Σ_{i=1}^{ntest} (c_i^T z*(ĉ_i) − c_i^T z*(c_i))] / [Σ_{i=1}^{ntest} |c_i^T z*(c_i)|]",LeeJinLee2026_PEAR.pdf,7,5. Experiments,c_i is the realized test cost of instance i; z*(c_i) its hindsight optimum.
lee2026pear,denominator,oracle_cost,equation,"and 500 test instances. We report normalized regret, :: Eq. (24): [Σ_{i=1}^{ntest} (c_i^T z*(ĉ_i) − c_i^T z*(c_i))] / [Σ_{i=1}^{ntest} |c_i^T z*(c_i)|]",LeeJinLee2026_PEAR.pdf,7,5. Experiments,Denominator is the sum over the test set of absolute hindsight-optimal objectives (the PyEPO normalized regret; all methods 'are implemented in PyEPO').
lee2026pear,aggregation,ratio_of_sums,equation,"and 500 test instances. We report normalized regret, :: Eq. (24): [Σ_{i=1}^{ntest} (c_i^T z*(ĉ_i) − c_i^T z*(c_i))] / [Σ_{i=1}^{ntest} |c_i^T z*(c_i)|]",LeeJinLee2026_PEAR.pdf,7,5. Experiments,"Sum of regrets over sum of absolute oracle costs, then reported over 5 seeds."
lee2026pear,noise,mixed,quote,ϵij = 1 (no noise). To evaluate robustness under model,LeeJinLee2026_PEAR.pdf,7,5.1 Synthetic LP Benchmarks,"Main LP experiments (Tables 1, 5, 6, 8, 9) are noiseless: 'In the main experiments, we set ϵij = 1 (no noise).'"
lee2026pear,noise,mixed,quote,"misspecification, we also test with multiplicative noise ϵij ∼",LeeJinLee2026_PEAR.pdf,7,5.1 Synthetic LP Benchmarks,"Continues (next interleaved line): 'U (1 − ϵ, 1 + ϵ) for ϵ ∈ {0.1, 0.3, 0.5}' -- a separate noisy sweep (Table 2, degree 8)."
lee2026pear,noise,mixed,quote,We study portfolio optimization using historical daily returns from S&P 100 constituents over 2010–2024.,LeeJinLee2026_PEAR.pdf,14,Appendix C.3 (Mean-Variance Optimization),"Real-data experiment; also a real-world knapsack ('building investment', Table 10, p.20). Noiseless synthetic + noisy synthetic + real data => mixed."
lee2026pear,synthetic,yes,quote,This section evaluates PEAR on two synthetic LP,LeeJinLee2026_PEAR.pdf,7,5. Experiments,Continues 'benchmarks and a real-world QP task'. The synthetic Shortest Path and Knapsack report normalized regret (Tables 1-2).
lee2026pear,synthetic,yes,quote,The cost vectors for both tasks are generated from feature,LeeJinLee2026_PEAR.pdf,7,5.1 Synthetic LP Benchmarks,"Continues: 'vectors x ∼ N (0, Ip) via a polynomial mapping (Elmachtoub & Grigas, 2022; Tang & Khalil, 2022)', Eq. (23)."
lee2026pear,contaminated,yes,quote,with larger gains as nonlinearity increases. At degree,LeeJinLee2026_PEAR.pdf,7,5.1 Synthetic LP Benchmarks (Results),"'On Shortest Path, our method matches or outperforms all baselines at every degree, with larger gains as nonlinearity increases.' -- conclusion drawn by comparing the regret gap across polynomial degrees (DGP regimes)."
lee2026pear,contaminated,yes,quote,over the next-best method widening as degree increases. In,LeeJinLee2026_PEAR.pdf,7,5.1 Synthetic LP Benchmarks (Results),"'On Knapsack, our method achieves the lowest regret across all configurations, with the margin over the next-best method widening as degree increases.' -- cross-degree comparison of the metric."
lee2026pear,contaminated,yes,quote,"noise levels (ϵ = 0.5), PEAR consistently achieves the",LeeJinLee2026_PEAR.pdf,7,5.1 Synthetic LP Benchmarks (Results),"'Even under high noise levels (ϵ = 0.5), PEAR consistently achieves the lowest regret on both tasks.' -- conclusion across noise levels (Table 2 sweeps ϵ in {0.1, 0.3, 0.5})."
lee2026pear,contaminated,yes,quote,"hardest degree (Deg 8), while small positive β is marginally better at the intermediate degrees. On Knapsack the effect",LeeJinLee2026_PEAR.pdf,18,Appendix E.3 (Normal-injection ablation),Ablation conclusions also read the metric across degrees ('the hardest degree').
lee2026pear,formula_stated,yes,equation,"and 500 test instances. We report normalized regret, :: Eq. (24): [Σ_{i=1}^{ntest} (c_i^T z*(ĉ_i) − c_i^T z*(c_i))] / [Σ_{i=1}^{ntest} |c_i^T z*(c_i)|]",LeeJinLee2026_PEAR.pdf,7,5. Experiments,"Regret (Eq. 2, p.3) and its normalization/aggregation (Eq. 24, p.7) are both written out."
wan2026solver,metric_name,normalized regret,quote,normalized regret on the test set,WanLiu2026_WISE.pdf,7,4. Experiments,"'Regarding evaluation metrics of a predictor, we used the normalized regret on the test set {(xi, yi)}_{i=1}^{ntest}, defined as' followed by the display formula. Figures 3/5 say 'Normalized testing set regret'; appendix Tables 1-3 'normalized testing set regret (%)'."
wan2026solver,metric_name,normalized regret,quote,This metric quantifies the percentage gap in decision quality,WanLiu2026_WISE.pdf,7,4. Experiments,Continues: 'compared to an oracle with full knowledge.'
wan2026solver,oracle,LA,equation,"Recall that the decision loss is defined as :: ℓdecision(ŷ, y) = y^T w*(ŷ) − y^T w*(y)",WanLiu2026_WISE.pdf,3,2. Decision Focused Learning via Measure Transformation,y is the realized cost vector of the instance; w*(y) its hindsight optimum -- look-ahead oracle.
wan2026solver,oracle,LA,quote,compared to an oracle with full knowledge. Implementation,WanLiu2026_WISE.pdf,7,4. Experiments,The paper's own words: the normalized-regret benchmark is the full-knowledge (hindsight) oracle on each test instance.
wan2026solver,denominator,oracle_cost,equation,"normalized regret on the test set :: [Σ_{i=1}^{ntest} ℓdecision(f(x_i), y_i)] / [Σ_{i=1}^{ntest} |y_i^T w*(y_i)|]",WanLiu2026_WISE.pdf,7,4. Experiments,Denominator is the sum of absolute hindsight-optimal objectives over the test set. Unnumbered display equation.
wan2026solver,aggregation,ratio_of_sums,equation,"normalized regret on the test set :: [Σ_{i=1}^{ntest} ℓdecision(f(x_i), y_i)] / [Σ_{i=1}^{ntest} |y_i^T w*(y_i)|]",WanLiu2026_WISE.pdf,7,4. Experiments,Sum of decision losses over sum of absolute oracle costs; reported over 20 independent trials (Figs. 3 and 5 captions).
wan2026solver,noise,yes,quote,"where ϵij ∼ Unif[−0.5, 0.5],",WanLiu2026_WISE.pdf,7,4.1 2D knapsack Problem,"Knapsack DGP: y_ij = f*_ij(x_i)(1 + ϵ_ij) with multiplicative uniform noise of half-width 0.5. Same DGP for the shortest path (App. D.2, p.24: 'where ϵij ∼ Unif[−0.5, 0.5] and fij follows')."
wan2026solver,noise,yes,quote,"where ϵij ∼ Unif[−0.5, 0.5] and fij follows",WanLiu2026_WISE.pdf,24,Appendix D.2 (Shortest Path),"Shortest-path DGP: same multiplicative Unif[−0.5, 0.5] noise as the knapsack."
wan2026solver,noise,yes,quote,ζ i ∈ Rp and ϵi ∈ Rd are drawn independently from a standardized Student’s t-distribution with degrees of freedom ν = 3,WanLiu2026_WISE.pdf,25,Appendix D.3 Portfolio Optimization,Portfolio DGP: additive heavy-tailed factor noise e_i = Lζ_i + 0.01ϵ_i with Student-t(ν=3) components; asset returns r_i = µ(x_i) + e_i.
wan2026solver,noise,yes,quote,dent’s t-distribution rather than the standard Gaussian noise,WanLiu2026_WISE.pdf,8,4.3 Portfolio Optimization,"Full sentence: 'To evaluate robustness against extreme market events, we modify the experimental setup by sampling noise from a Student's t-distribution rather than the standard Gaussian noise used in the previous experiments.' NOTE: this description of the baseline noise as 'standard Gaussian' contradicts the paper's own DGPs -- the knapsack (p.7) and shortest path (p.24) both use multiplicative Unif[−0.5, 0.5] noise, and no Gaussian noise DGP appears anywhere ('Gaussian' otherwise occurs only for a 2-d Gaussian illustrating the measure transformation, p.4-ish Sec. 2.1). See notes."
wan2026solver,synthetic,yes,quote,"We considered feature dimension p = 6, number of stocks d = 25. Regarding the data generating process, the input features",WanLiu2026_WISE.pdf,25,Appendix D.3 Portfolio Optimization,"All three experiments (knapsack, shortest path, portfolio) use fully synthetic DGPs; no real data in the paper."
wan2026solver,synthetic,yes,quote,"tures are sampled as xi ∼ N (0, Ip ). The item value yij fol-",WanLiu2026_WISE.pdf,7,4.1 2D knapsack Problem,"Knapsack features and values generated synthetically ('The input features are sampled as xi ~ N(0, Ip)')."
wan2026solver,contaminated,yes,quote,"ing set is small (n = 100, 200, 400 and degree = 1, 2).",WanLiu2026_WISE.pdf,8,4.1 2D knapsack Problem (results),"'Our method produces high-quality solutions across different degrees of model misspecification and significantly outperforms the benchmarks, including MSE, especially when the training set is small (n = 100, 200, 400 and degree = 1, 2).' -- conclusion drawn by comparing the metric across sample sizes and degrees."
wan2026solver,contaminated,yes,quote,"under a low misspecification (e.g., degree = 1) and remains",WanLiu2026_WISE.pdf,8,4.2 Shortest Path Problem (results),"'our method outperforms DFL methods under a low misspecification (e.g., degree = 1) and remains competitive under high misspecification' -- ranking read across degree regimes."
wan2026solver,contaminated,yes,quote,"tween methods are smaller. This is expected, as the strongly",WanLiu2026_WISE.pdf,8,4.3 Portfolio Optimization (results),"'Unlike the shortest path and knapsack settings, the performance gaps between methods are smaller. This is expected, as the strongly convex nature of the feasible region ensures a stable mapping from prediction to decision, where small prediction errors translate to proportionally small decision regret.' -- cross-problem comparison of the metric, explained via the strongly convex feasible region (the explanation continues on p.9: 'ping from prediction to decision, where small prediction / errors translate to proportionally small decision regret')."
wan2026solver,contaminated,yes,quote,errors translate to proportionally small decision regret. Nev-,WanLiu2026_WISE.pdf,9,4.3 Portfolio Optimization (results),"Tail of the strongly-convex explanation; continues 'ertheless, our method maintains a consistent advantage, particularly in model misspecification regimes.'"
wan2026solver,contaminated,yes,quote,"Table 3 summarizes the results, where we can see the gap between different methods is narrower compared to the previous",WanLiu2026_WISE.pdf,27,Appendix D.3 (Table 3),Appendix repeats the cross-problem comparison ('narrower compared to the previous two experiments').
wan2026solver,contaminated,yes,quote,200         0.88 ± 0.02     0.89 ± 0.02        0.96 ± 0.03   0.88 ± 0.02   0.95 ± 0.04,WanLiu2026_WISE.pdf,27,Appendix D.3 / Table 3 (Portfolio),"Portfolio normalized regrets span 0.45%-0.96%: worst cell 0.96 (SPO+, degree 1, n=200); best cells 0.45 (WISE and DBB, degree 7, n=1600). Two orders of magnitude below the knapsack/shortest-path regrets (~8-25%, Table 2 p.25), the contrast the strongly-convex-region sentence interprets."
wan2026solver,contaminated,yes,quote,1600         0.52 ± 0.02     0.45 ± 0.02        0.46 ± 0.02   0.46 ± 0.02   0.45 ± 0.01,WanLiu2026_WISE.pdf,27,Appendix D.3 / Table 3 (Portfolio),"Lower end of the 0.45%-0.96% range (degree 7, n=1600)."
wan2026solver,formula_stated,yes,equation,"normalized regret on the test set :: [Σ_{i=1}^{ntest} ℓdecision(f(x_i), y_i)] / [Σ_{i=1}^{ntest} |y_i^T w*(y_i)|]",WanLiu2026_WISE.pdf,7,4. Experiments,Decision loss (p.3) and normalization (p.7) both written as formulas.
benslimane2026online,metric_name,cumulative regret (final cumulative regret; ergodic average regret per iteration),quote,"Convergence figures plot the ergodic average regret per iteration, Regrett /t.",Benslimane2026_OnPolicyDFL.pdf,9,3.2 / 3.3 Results,"Reported quantities: 'Table 1 reports final cumulative regret across the four benchmarks under both feedback regimes' (p9); appendix figures report 'Final cumulative regret' (log scale). Raw sums over T = 2,000 rounds, mean over 30 replications; no normalization."
benslimane2026online,oracle,LA (per-round realized-cost optimum),equation,"metric reported is cumulative regret, RegretT = :: Regret_T = Σ_{t=1}^{T} ( c_t^T w_t − min_{w∈S} c_t^T w ), where w_t ∈ S is the decision implemented at iteration t",Benslimane2026_OnPolicyDFL.pdf,9,3.2 Algorithms and implementation details (end) / 3.3 Results,"Each round's comparator is min_{w∈S} c_t^T w, the optimum for the REALIZED cost vector c_t -- a per-round look-ahead (hindsight) oracle, summed over rounds. pdftotext garbles the inline formula; transcription checked against the PDF context."
benslimane2026online,noise,yes (synthetic stochastic DGPs) plus one real-data benchmark,quote,Let deg denote the polynomial degree parameter and ξ¯ the multiplicative- noise radius.,Benslimane2026_OnPolicyDFL.pdf,21,Appendix F Benchmark data and generation details -- Top-k instance,"Top-k/shortest-path costs: u_t = [1 + (1 + ω x_t/√p)^deg] ⊙ ξ_t with ξ_{t,j} ~ Unif[1−ξ̄, 1+ξ̄] 'when multiplicative noise is enabled, while ξ_{t,j} = 1 otherwise' (p21) -- Table 1 header says 'synthetic degree-8' without stating ξ̄, and Figure 7 (p31) is 'under moderate noise'. The pricing instance is stochastic regardless (Poisson demand with a lognormal common shock, p21), and c_t ~ p*(·|x_t) throughout (p3); the fourth benchmark is 'the real-data energy-scheduling benchmark' (p9). So noise = yes/mixed; see notes."
benslimane2026online,setting,online / partial (bandit) feedback setting (rule 2); underlying problem is contextual LINEAR optimization,quote,"We consider a sequential contextual stochastic linear optimization setting. At each time t = 1, 2, . . ., the decision-maker observes a context xt ∈ X ⊆ Rdx (context dimension dx ) and then makes a decision wt ∈ S, where S ⊂ Rdw is a compact feasible set.",Benslimane2026_OnPolicyDFL.pdf,3,2 Decision-focused on-policy learning with partial feedback,"Continues: 'the latent cost vector ct ∼ p⋆(· | xt) is never observed directly: once a decision is made, the learner sees only a partial-feedback vector vt' -- sequential decision-making with bandit-type feedback. The objective is linear (title: 'Contextual Linear Optimization'), so the paper fails only rule 2 (online), not rule 1."
spitzer2026regret,metric_name,regret expressed as a percentage,quote,"the performance of the SPO, DBB, and DPO approaches is evaluated in terms of regret expressed as a percentage, both with and without regularization.",SpitzerSanson2026_SolutionStability.pdf,11,6.2 Benchmark Study,"Every regret report: Table 2 (p.11), Table 3 p-values computed on 'the regret computed on the test dataset' (p.11), Table 4 (p.13), Appendix B restating Table 4 (p.16)."
spitzer2026regret,metric_name,regret expressed as a percentage,quote,Table 2: Regret as percentage (%) for various problems and DFL techniques.,SpitzerSanson2026_SolutionStability.pdf,11,6.2 Benchmark Study / Table 2,Table 4 (p.13) similarly: 'Table 4: Regret (%) for each category and method.'
spitzer2026regret,metric_name,regret expressed as a percentage,quote,Table 4: Regret (%) for each category and method.,SpitzerSanson2026_SolutionStability.pdf,13,6.3 In-Depth Study / Table 4,"Values reach 125.57 (Table 2, SP3 DPO) and 271.14 (Table 4, Cat. 2 DPO), i.e. the percentage exceeds 100% without comment."
spitzer2026regret,oracle,LA,equation,"it evaluates the decision estimate :: Eq. (4): Lr(x, θ̄; v) = θ̄^T y − θ̄^T f(θ̄), with y = f(hv(x)); θ̄ is the ground-truth cost vector of the sample.",SpitzerSanson2026_SolutionStability.pdf,3,2.1 Learning from Decisions,Regret compares the decision under the predicted cost against the optimum under the realized (ground-truth) cost θ̄ of each instance: look-ahead / hindsight oracle.
spitzer2026regret,oracle,LA,quote,"using the regret loss Lr , which quantifies how much worse the decision based on predicted parameters is compared to the decision based on the true parameters.",SpitzerSanson2026_SolutionStability.pdf,3,2.1 Learning from Decisions,Verbal definition accompanying Eq. (4).
spitzer2026regret,denominator,not_stated,absence,"Whole-paper grep (case-insensitive): 'regret' 19 hits, all read -- the only definition is the unnormalized regret loss Lr (Eq. 4, p.3); 'percent' 2 hits (p.11 'regret expressed as a percentage' and the Table 2 caption), neither followed by a definition; 'normaliz' 2 hits (both about the L2 normalization r_n of predicted cost vectors, Def. 5.1 p.9 and p.12 -- a regularizer, not the metric); 'relative' 4 hits (all 'relative scale'/'information relative to'); 'denominator' 0; 'divid' 2 ('divided into a training dataset...' twice); 'ratio' 15 (all inside 'regularization'/'configuration(s)'); '%' appears only in the two table captions and Table 2/4 headers. Read in full: 6 Numerical Experiments, 6.1 Experimentation setup and statistical testing (p.10), 6.2 Benchmark Study (pp.11-12), 6.3 In-Depth Study (pp.12-14), 7 Conclusion (p.14), Appendix B (p.16). What the percentage is a percentage OF is never stated anywhere.",SpitzerSanson2026_SolutionStability.pdf,11,6.2 Benchmark Study,Agrees with audit.csv denominator = not_stated.
spitzer2026regret,denominator,per_instance,inference,The code is directly derived from the original work of Mandi et al. (2024) and is available for reproducibility purposes (Spitzer, 2026).,SpitzerSanson2026_SolutionStability.pdf,10,6 Numerical Experiments
spitzer2026regret,aggregation,unknown,quote,Performance is assessed based on the average regret over the test dataset across these ten training runs.,SpitzerSanson2026_SolutionStability.pdf,10,6.1 Experimentation setup and statistical testing,"An average over test set and seeds is stated, but since the normalization is undefined it cannot be classified as ratio_of_sums vs mean_of_ratios from the paper alone. If the JAIR code default applies, it would be mean_of_ratios."
spitzer2026regret,aggregation,mean_of_ratios,inference,We replicate the experimental setup proposed by Mandi et al. (2024).,SpitzerSanson2026_SolutionStability.pdf,11,6.2 Benchmark Study,"Denominator and aggregation labelled from the JAIR benchmark's stated metric (Eq. 50: per-instance mean of ratios) because the paper never defines its percentage; recorded as inference, not as the paper's statement."
spitzer2026regret,noise,mixed,quote,synthetic shortest path problem (SP) and the set matching problem (SM). We aim to evaluate the relevance,SpitzerSanson2026_SolutionStability.pdf,11,6.2 Benchmark Study,"Full sentence: 'The experiments consist in two combinatorial optimization problems with publicly available datasets, each with three instances: the synthetic shortest path problem (SP) and the set matching problem (SM).' The paper gives no further data description for SP or SM."
spitzer2026regret,noise,mixed,quote,Each instance i is obtained by random,SpitzerSanson2026_SolutionStability.pdf,12,6.3 In-Depth Study,"Continues: 'generation of a true cost vector θ̄i in set {(cos(η), sin(η)) ∈ R2 | η ∈ [|3π/2, 7π/6|]} and of a random rotation angle ζi ∈ [|0, 2π|]'. Inputs are rotation angles, outputs true cost vectors drawn at random (p.13), so the toy DGP has a stochastic Y|X -- a noisy synthetic experiment established by the paper text alone."
spitzer2026regret,noise,mixed,inference,We propose a first study based on the state-of-the-art review by Mandi et al. (2024).,SpitzerSanson2026_SolutionStability.pdf,11,6.2 Benchmark Study,"In the Mandi et al. (2024) JAIR benchmark, the (synthetic) shortest path uses the polynomial DGP with noise-halfwidth 0.5, and the 'set matching' (diverse bipartite matching, three instances with (ρ1,ρ2) = 10/25/50%) is built on the real CORA citation network. Hence SP = synthetic noisy, SM = real data => 'mixed' overall. Inference from the named benchmark; the paper never describes the data itself."
spitzer2026regret,synthetic,yes,quote,synthetic shortest path problem (SP) and the set matching problem (SM). We aim to evaluate the relevance,SpitzerSanson2026_SolutionStability.pdf,11,6.2 Benchmark Study,The paper itself labels SP 'synthetic'; the in-depth toy problem (Sec. 6.3) is also fully synthetic and reports regret (Table 4).
spitzer2026regret,synthetic,yes,quote,"For each problem category, a dataset of 300 instances is generated.",SpitzerSanson2026_SolutionStability.pdf,12,6.3 In-Depth Study,"Toy-problem data are generated, and regret (%) is reported on them in Table 4."
spitzer2026regret,contaminated,yes,quote,"this pathological behaviour becomes more pronounced in category 2, where decisions at vertex C are even more detrimental, amplifying the model's instability.",SpitzerSanson2026_SolutionStability.pdf,14,6.3 In-Depth Study,"Cross-regime conclusion: categories 1 and 2 are different DGPs (vertex C at α = 10 vs 100), and the claim rests on comparing the reported regret across them (Table 4: DPO 47.28% vs 271.14%). Sentence appears twice on p.14."
spitzer2026regret,contaminated,yes,quote,"We cannot assume beforehand whether certain problems or datasets exhibit instability during DFL training. Our hypothesis is that, when instability is present, regularization significantly improves performance.",SpitzerSanson2026_SolutionStability.pdf,12,6.2 Benchmark Study,"Continues: 'Conversely, in cases where training remains stable, regularization offers minimal advantage. The experiments that follow confirm this hypothesis.' -- a conclusion drawn by comparing the metric's behaviour across problems/datasets (SP vs SM instances)."
spitzer2026regret,formula_stated,partial,equation,"it evaluates the decision estimate :: Eq. (4): Lr(x, θ̄; v) = θ̄^T y − θ̄^T f(θ̄), with y = f(hv(x))",SpitzerSanson2026_SolutionStability.pdf,3,2.1 Learning from Decisions,"The (unnormalized) regret is written as a formula, but the reported 'regret as percentage' is never defined -- the rubric's 'partial' case. audit.csv has 'no'; see notes."
spitzer2026regret,formula_stated,partial,absence,"See the denominator row for the full protocol: no formula or verbal definition of the percentage version exists; the only defined quantity is the unnormalized regret loss Lr (Eq. 4, p.3).",SpitzerSanson2026_SolutionStability.pdf,3;11,2.1 / 6.2,
jiang2026coefficients,metric_name,adjusted coefficient of prescriptiveness,quote,"Therefore, with an infinite number of training data generated from an assumed joint distribution, we introduce the adjusted coefficient of prescriptiveness to formally address Q1, which is defined as follows.",JiangTianWang2026_CoefficientsPrescriptiveness.pdf,12,3.1. The adjusted coefficient of prescriptiveness,"Symbol Padj (Definition 5); the reported numbers in Tables 1-2 are its estimate P_hat_adj (Definition 6, p14). The paper reports the classical P (Eq. (2.7), p7) alongside it -- see notes."
jiang2026coefficients,oracle,TM,equation,"of prescriptiveness for a predictive prescription ẑN (·) is defined as follows: :: Eq. (3.4): Padj = 1 - ( R(z_hat) - R(z*) ) / ( R(z_hat_SAA) - R(z*) ) = ( R(z_hat_SAA) - R(z_hat) ) / ( R(z_hat_SAA) - R(z*) )   [population expectations, N -> infinity; z*(X) in argmin_z E_{Y~mu_{Y|X}}[c(z;Y)|X] the full-information (true-model) optimum]",JiangTianWang2026_CoefficientsPrescriptiveness.pdf,12,3.1. The adjusted coefficient of prescriptiveness,"Definition 5. The oracle anchor is R(z*), the full-information optimum, not the perfect-foresight cost."
jiang2026coefficients,oracle,TM,quote,"where z∗ (X) ∈ arg minz∈Z EY∼µY|X [c(z; Y)|X], which is defined in Formula (1.4) (provided that this stochastic optimization model can be solved to optimality or with high accuracy).",JiangTianWang2026_CoefficientsPrescriptiveness.pdf,11,3.1. The adjusted coefficient of prescriptiveness,z* knows the true conditional distribution but not the realization: the true-model oracle. (Newsvendor cost is nonlinear in z but linear in Y-scenarios; TM here means optimum under the true conditional distribution.)
jiang2026coefficients,oracle,TM,quote,"(i) the adjusted coefficient of prescriptiveness, which replaces the deterministic perfect-foresight benchmark in the original coefficient with the full-information optimum; and (ii) the expected coefficient of prescriptiveness, derived by taking the expectation over the sampling distribution of the training dataset.",JiangTianWang2026_CoefficientsPrescriptiveness.pdf,1,Abstract,The paper's own summary: the whole contribution is swapping the LA anchor for the TM anchor.
jiang2026coefficients,oracle,TM,quote,"Furthermore, we define the gap between the full-information optimum and the deterministic perfect-foresight counterpart (Definition 8), and accordingly propose two theoretical properties (Propositions 1 and 2) as follows.",JiangTianWang2026_CoefficientsPrescriptiveness.pdf,18,4. Theoretical analysis,"Definition 8 / Eqs. (4.1)-(4.2), PAGE 18: Delta = R(z*) - E_Y[min_z c(z;Y)] -- exactly our look-ahead premium, defined and shown >= 0 (p19), and used to explain why the classical P's asymptotic upper bound is strictly below 1 iff Delta > 0."
jiang2026coefficients,denominator,ref_policy_regret,equation,the estimate of the adjusted coefficient of prescriptiveness for a predictive prescription ẑN (·) is defined as follows: :: Eq. (3.7): P_hat_adj = ( R_hat_M(z_hat_SAA_N) - R_hat_M(z_hat_N) ) / ( R_hat_M(z_hat_SAA_N) - R_hat_M(z*) )   [test-set means over M samples; R_hat_M(z*) from Eq. (3.5) uses z*(x_bar_j) computed from the assumed conditional distribution],JiangTianWang2026_CoefficientsPrescriptiveness.pdf,14,3.2. The estimate of the adjusted coefficient of prescriptiveness,"Definition 6. Denominator is the SAA reference policy's excess cost over the full-information optimum, i.e. SAA's true-model regret."
jiang2026coefficients,aggregation,aggregates,equation,"which is defined in Formula (1.4) (provided that this stochastic optimization model can be solved to optimality or with high accuracy). Note that R(z∗ ) can be obtained by taking the expectation of v∗ (x) (see Formula (1.3)) over X. :: Eq. (3.1): R(z*) = E_{X~mu_X}[ E_{Y~mu_{Y|X}}[ c(z*(X); Y) | X ] ] = E_{(X,Y)~mu_{X,Y}}[ c(z*(X); Y) ]",JiangTianWang2026_CoefficientsPrescriptiveness.pdf,11,3.1. The adjusted coefficient of prescriptiveness,"Padj (Definition 5) is defined on population-level expectations R(.) with N -> infinity (Eqs. (3.1)-(3.3)); the reported estimate P_hat_adj (Eq. (3.7)) is a ratio of differences of test-set means (M = 10^3 in Section 5.2), i.e. ratio_of_sums in practice. See notes."
jiang2026coefficients,noise,yes,quote,"The random demand Y ∈ Y ⊂ R+ follows a truncated normal distribution, where the mean is µ = 10X(1) − 2X(2) , the standard deviation is σ = 10, and the truncated interval is [0, 2µ].",JiangTianWang2026_CoefficientsPrescriptiveness.pdf,22,5.2. Numerical experiments,"Scenario 1 DGP: stochastic Y given X. Scenario 2 has sigma = -X(1) + 3X(2) (heteroskedastic), same page."
jiang2026coefficients,synthetic,yes,quote,"Under each scenario, based on the assumed joint distribution, we generate several training datasets sN = {(x1 , y1 ), ..., (xN , yN )} with different sizes of N, ranging from 10 to 104",JiangTianWang2026_CoefficientsPrescriptiveness.pdf,22,5.2. Numerical experiments,All experiments are synthetic draws from assumed joint distributions ('104' is 10^4 with the superscript lost). No real data anywhere in the paper.
jiang2026coefficients,contaminated,yes,quote,"That is, 0.85 and 0.7 are the approximate asymptotic upper bounds of P under the two scenarios, where the settings of the cost parameters and the underlying joint distributions are different, which illustrates that the asymptotic upper bound of P indeed varies across different problems.",JiangTianWang2026_CoefficientsPrescriptiveness.pdf,25,5.2. Numerical experiments,"Cross-problem comparison of the classical P (Scenario 1 vs Scenario 2) -- drawn deliberately, as evidence of P's deficiency."
jiang2026coefficients,contaminated,yes,quote,"Therefore, due to the arbitrary settings of the cost parameters and the joint distributions for the two scenarios, it can be concluded that the approximate asymptotic upper bounds of P̂adj are all equal to 1 for all possible CSO problems.",JiangTianWang2026_CoefficientsPrescriptiveness.pdf,25,5.2. Numerical experiments,"The paper's own metric P_hat_adj IS compared across the two problems, and a conclusion is drawn from that comparison (that the ceiling is 1 everywhere). This settles the open cell: yes."
jiang2026coefficients,contaminated,yes,quote,"From Figures 1 and 2, it is evident that as the training sample size N increases, the following occurs. First, the P and P̂adj values of the point-prediction method all quickly converge to suboptimal values under the two scenarios, because the method does not consider the full spectrum of uncertainty corresponding to each feature X.",JiangTianWang2026_CoefficientsPrescriptiveness.pdf,25,5.2. Numerical experiments,Cross-N conclusion drawn from both metrics.
jiang2026coefficients,contaminated,yes,quote,"we can, in theory, fairly compare both the efficacy of a specific prescriptive analytics method across multiple CSO problems and the generalizability of multiple prescriptive analytics methods (i.e., Q1 is addressed in theory).",JiangTianWang2026_CoefficientsPrescriptiveness.pdf,13,3.1. The adjusted coefficient of prescriptiveness,"Cross-problem comparison of the metric is the paper's intended use of P_hat_adj, and the TM anchor is what makes it licit; see judgement call in notes."
jiang2026coefficients,contaminated,no,adjudication,"True-model oracle with an SAA reference: the cross-problem comparisons of P^adj are exactly what that construction licenses; the comparisons of the classical P (p25) are made to demonstrate its varying ceiling, not to draw a conclusion from it.",JiangTianWang2026_CoefficientsPrescriptiveness.pdf,25,,VG ruling 2026-08-31
jiang2026coefficients,formula_stated,yes,equation,"of prescriptiveness for a predictive prescription ẑN (·) is defined as follows: :: Eq. (3.4): Padj = 1 - ( R(z_hat) - R(z*) ) / ( R(z_hat_SAA) - R(z*) ) = ( R(z_hat_SAA) - R(z_hat) ) / ( R(z_hat_SAA) - R(z*) )   [population expectations, N -> infinity; z*(X) in argmin_z E_{Y~mu_{Y|X}}[c(z;Y)|X] the full-information (true-model) optimum]",JiangTianWang2026_CoefficientsPrescriptiveness.pdf,12,3.1. The adjusted coefficient of prescriptiveness,"Numbered formulas for the metric (3.4), its estimate (3.7), and every ingredient (2.4)-(2.6), (3.1)-(3.3), (3.5)."
elmachtoub2025stochastic,metric_name,regret,quote,Gaussian model and fix its parameters via an imputation from the real-world data. This allows us to know the “ground truth” regret and consequently validate our theory in the contextual case.,ElmachtoubLamZhangZhao2025_StochasticDominance.pdf,39,7.1.4 (real-world data experiments),Even the real-data experiment (Section 7.1.4) imputes a parametric ground-truth model so the reported quantity stays the true-model regret R(w-hat) = v0(w-hat) - v0(w*); regret is reported raw (no normalization).
elmachtoub2025stochastic,oracle,TM,quote,"Definition 3 (Regret). For any w ∈ Ω, the regret of w is given by R(w) := v0 (w) − v0 (w∗ ), where w∗ is an optimal solution to (1).",ElmachtoubLamZhangZhao2025_StochasticDominance.pdf,9,3. Methodology and Preliminaries,"Regret is the excess of the ground-truth expected cost v0 (expectation under the true P) over the true optimum -- a true-model comparator, never a realized-cost/hindsight one. Experiments report distributional summaries of exactly this R(w-hat) (e.g. Figure 2, p36: 'The regret plots show median, 25th quantile, and 75th quantile over 50 random seeds.')."
elmachtoub2025stochastic,setting,nonlinear general stochastic optimization (rule 1),equation,"Consider a standard stochastic optimization problem in the form :: Eq. (1): w* in argmin_{w in Omega} { v0(w) := E_P[ c(w, z) ] }   -- general known cost c(w, z), decision w in an open set Omega, z ~ unknown P; not a cost linear in the uncertain quantity with a known polytope",ElmachtoubLamZhangZhao2025_StochasticDominance.pdf,8,3. Methodology and Preliminaries,"The framing problem is general stochastic optimization; the experimental problems (multi-product newsvendor with (.)+ costs, Section 7.1, and portfolio optimization, Section 7.2) are nonlinear in the decision."
elmachtoub2025stochastic,setting,nonlinear general stochastic optimization (rule 1),quote,"Specifically, for a general class of nonlinear stochastic optimization problems, we show that simple ETO outperforms IEO asymptotically when the model class covers the ground truth, in the strong sense of stochastic dominance of the regret.",ElmachtoubLamZhangZhao2025_StochasticDominance.pdf,1,Abstract,"The paper's own description: general nonlinear stochastic optimization, parametric distribution estimation -- outside inclusion rule 1 (linear contextual optimization)."
niepert2021implicit,metric_name,accuracy (percentage of paths with the optimal costs),quote,"Reported is the accuracy, i.e. percentage of paths with the optimal costs.",Niepert2021_ImplicitMLE.pdf,21,Appendix C.4 / Table 5 caption,"Same wording in the Table 2 caption on p10 (there interleaved by pdftotext with body text: 'Table 2: Results for the Warcraft shortest path task. Reported is the' / 'accuracy, i.e. percentage of paths with the optimal costs.'). Indicator metric (% optimal), not a regret."
niepert2021implicit,oracle,none (no regret reported; the regret appears only as a training loss),quote,"use as point-wise loss the regret `R (θ, c) = c> (z(θ) − ẑ ∗ (c)) where z(θ) is a state sampled from p(z; θ) (possibly with temperature τ → 0, that is, a MAP state) and ẑ ∗ (c) ∈ z ∗ (c) is an optimal state for c.",Niepert2021_ImplicitMLE.pdf,7,4 ... Combinatorial optimization settings (Fact 2),"The regret c^T(z(theta) - z*(c)) is used as the point-wise TRAINING loss for the I-MLE (mu-mu) variant, with c the given optimal cost; it is never reported as an evaluation metric. Note the paper's 24 mentions of 'noise' all concern perturb-and-MAP noise distributions (Sum-of-Gamma etc.), not the data."
niepert2021implicit,noise,none,quote,"grid whose cells represent terrains with a fixed cost. The shortest (minimum cost) path between the top-left and bottom-right cell in the grid is encoded as an indicator matrix and serves as the target output. An image of the terrain map is presented to a CNN, which produces a K × K matrix of vertex costs.",Niepert2021_ImplicitMLE.pdf,10,6 Experiments -- Differentiating through Combinatorial Solvers,Warcraft DGP: terrain cell costs are fixed; the target is the deterministic shortest path of the image. No stochastic component in Y given X (rule 4). pdftotext interleaves this paragraph with the Table 2 caption on p10; the quoted fragment is the contiguous part.
niepert2021implicit,setting,noiseless DGP inherited from Pogancic et al. 2019 (rule 4),quote,We closely follow the evaluation protocol of Pogančić et al. [2019].,Niepert2021_ImplicitMLE.pdf,10,6 Experiments -- Differentiating through Combinatorial Solvers,"Protocol and data inherited from pogancic2020differentiation (Warcraft II tile set, 10,000 randomly generated terrain-map images)."
